"","Ca","P","pH","SOC","Sand"
"09gt9UK5",-0.284891595172837,-0.153037410483563,-0.395129823280936,-0.453650037886029,0.708457970565089
"0BVvxJ6a",-0.188185802200089,0.225142302662479,0.10683050746273,-0.0478038509309229,-0.577236635136064
"0KbdgApg",-0.210684891660877,0.128654256219493,0.0130755237769722,-0.0624486738726127,-0.175369985652433
"0MnuuduB",-0.0314047502658622,0.332232154541661,-0.0517673598229555,1.24724303168131,-0.840117598752
"0PcIsF9z",-0.29816944960865,-0.178698337878389,-0.51634004024236,0.0202454398376002,0.521623193070806
"0ShTFLYJ",-0.298612652262972,-0.114580147792388,-0.115160980151834,-0.474566920627381,0.380522110158584
"0XZh9jka",0.48269052816351,0.578273512082719,-0.216105409392143,1.57303146534159,-0.698187646963713
"0Y7Wegri",-0.293481353594136,0.048028148200675,0.0626216689647152,-0.423449302899162,0.069003650293879
"0dTqplIM",-0.0474515780961362,-0.0498585053827215,-0.102581859404093,0.23401278100951,-0.615444655899919
"0lNiZicC",-0.28975837244072,-0.155109145757018,-0.23732862060492,-0.471565800824527,-0.252887102692291
"0rGeJ0QN",-0.292844476233655,0.0602098903236256,-0.0879419984465214,-0.442217465046714,0.589135792188753
"0sXI9ytQ",-0.183008838796305,-0.0455196525379942,0.16104938511945,-0.475870469680371,1.28535811010512
"0ukt4aP6",-0.194719288051478,-0.123106838171583,0.146076857262771,-0.185769444676779,-0.47532795760141
"1AGspb8f",-0.27967933957281,-0.151950862212523,-0.339276559307927,-0.153819898991966,-0.523463461439962
"1Csy0gvE",-0.298939933546267,-0.084106781474216,-0.3264540630742,-0.474988963927451,0.850723960097773
"1Ic2hly1",-0.286907191911727,0.138320859803115,-0.0626485808986281,-0.244797018843681,0.375942484461053
"1PPbaTwt",-0.252228882919338,-0.157085034925061,-0.292964742929365,-0.346910960118645,-0.151671309920298
"1SO5VJNy",-0.298939933546267,-0.0806551154898336,-0.24739369189979,-0.471722627330229,1.13528292797996
"1arHxK3Y",0.291129518024908,0.0887488752253663,0.653483586570352,0.326883029281693,-0.532590277317328
"1fCW4Bba",-0.274239262892184,0.21087744531385,0.156970003344062,-0.0419790159108013,0.247579533531498
"1qDZNvIm",-0.29635944616153,-0.0469004910659491,0.192651004899948,-0.472202907799284,1.10217778773697
"28LYJC2V",-0.25449714880611,-0.17682468883747,-0.492966926056514,0.0395111514341825,-0.389731308370583
"2CzACvQq",-0.166865554139124,-0.00123892741071905,0.493540243031193,0.360744331957787,-0.578791858292568
"2FT3crfv",-0.0417845404308294,-0.0995734820676344,-0.261683906588782,0.0478489405908295,-0.61026086284807
"2Fy2uHVg",-0.296641483746089,-0.141744733910785,-0.254244545890191,-0.443166276128937,-0.0236278213917397
"2MkMEApm",-0.295088273339089,0.0580387611091704,0.237447138352907,-0.457841213104664,0.733092162699565
"2NDGWEOe",-0.094440626656649,0.365529742897504,0.692669194699562,-0.0300662559833908,-0.602974348790247
"2NyyCiqn",-0.298939933546267,-0.0796179387390697,-0.33981598553066,-0.453941847781754,0.955042181035049
"2QRzIb84",-0.160240018791221,0.0800770605055873,0.663351923791221,-0.382534047411869,-0.272178771696845
"2QcbdrUZ",-0.280095213098105,0.199386575662221,0.0700073708389289,-0.0141395868097615,0.711627139930878
"2YgAimWK",-0.285865691054331,0.0666276325999962,0.0761030254840178,-0.340887267299175,0.35564783696961
"2cx85d9H",-0.205530230218876,0.212091263793141,0.0429596677959221,-0.0721429646285245,-0.259951054439936
"2homMXMV",-0.298939933546267,-0.0645925110772252,-0.260484091578279,-0.352640681927258,0.635043302412524
"2ldLrUtq",-0.270297781318258,-0.151449242254385,-0.336712454018167,-0.260373151053068,-0.56464092055394
"2nsACW6G",-0.169735516560168,0.265789483136662,-0.375186612895344,1.09793261917858,-0.858735569639336
"2yMbVnWc",-0.139908466800737,0.264060751652371,-0.0126076132359307,0.55934312389698,0.198791313369622
"36r8sgGQ",-0.298939933546267,-0.0825010913284869,-0.26599467588045,-0.474945944488623,1.11103707688394
"3NXAXCl3",-0.250451053599882,-0.208404325297402,-0.50341189511245,0.389768837620508,-0.68886965483656
"3QG0z6fl",-0.287154825586204,-0.151885859851109,-0.202678539341968,-0.467473655166369,-0.0883068274417705
"3WS8R9qm",-0.102194413172894,0.292183771909551,-0.0848894571114758,2.32410281178116,-0.864754980769323
"3fRLm8f5",-0.29821590522316,-0.0932926521081179,-0.326946350773513,-0.225887235228212,0.721149159440518
"3mZhp1nQ",-0.284236686866293,0.125152812733763,0.049518228424604,-0.0914896995927119,0.718348208362977
"3pikJXRL",-0.252053720015466,-0.20384967465517,-0.478791771506423,0.355213742409897,-0.679559382780213
"3pxOEGHL",-0.298939933546267,-0.0871513208649034,-0.348227230932709,-0.472769364820001,0.864431963018658
"3ttdV3f5",-0.228863184398452,0.34190839253063,0.164808408658052,0.250667650194903,0.512208186035387
"3v4X6Mfe",0.440805208930346,0.136806866728923,1.06283091350616,-0.314040039966622,-0.497811975300362
"3wORuPiv",-0.185922132421221,-0.143141365121945,-0.313798535701665,0.017878611965751,-0.694177371393616
"43EfrxZj",-0.208613725266021,-0.137398417034269,-0.165915967328056,0.411059413074986,-0.629188445719021
"457Vwm21",-0.231061996055573,0.0958040817959612,0.171642880463554,-0.0560706286185797,-0.138053822232056
"46KNnOdx",-0.298939933546267,-0.112357156167672,-0.438785011721795,-0.228069328881387,0.0614558960248113
"47TwNsVC",-0.156623623435002,-0.144981000434454,-0.466351863548652,1.48277986860856,-0.867298927055577
"49856RpO",-0.238147331615256,-0.169853135899648,-0.437320460629161,-0.0838672635778144,-0.205593408723891
"4Ane1o2N",-0.298939933546267,-0.134054135619224,-0.361427314845433,-0.473938350096209,0.64246084806586
"4AyVUgSc",-0.248400850914119,-0.0854913204006976,-0.235899644337599,-0.45921807001113,0.245779186163412
"4B1951On",-0.216570931364263,-0.140748390758125,-0.229562647647892,-0.168504239401498,-0.118865395536416
"4OL39Teo",-0.219059262838549,0.0224889454367245,-0.119806232221473,0.267073302799783,-0.517601523126561
"4eQ90eLY",-0.243008845227245,-0.147591214029467,-0.217077482223452,0.313338391929111,-0.660207361658423
"4o5jwMj8",-0.298080880607641,-0.0723806042919082,-0.18646653706502,-0.469744293161854,0.35935267896287
"4vPgpl2c",-0.277347752426098,-0.151921284392649,-0.344316009740128,-0.461525778280609,0.309829831346136
"51r9aA0d",-0.245863949453118,0.0173855718119657,-0.229902652129411,-0.467443349168545,0.119054782393154
"58SmeRoP",-0.195543718790269,0.0503114868574799,-0.0673448915336872,0.023489624794607,-0.288934810695546
"5HJp1AXn",-0.212870157343293,-0.181330198750832,-0.442131901088141,0.0578077404380851,-0.300171148150192
"5MBZW7fx",-0.2398860477605,0.226909133418129,0.118878167759317,-0.00995347901217122,-0.401109205895907
"5Nq3gHaP",-0.193510551836127,0.21383507643955,-0.0897055811304948,0.42310839401937,-0.546839468578702
"5RmwFFK3",-0.0721083658498877,0.256350153423725,0.140795673081943,0.147887046979639,-0.81277098957624
"5Tu5Jbov",-0.268451748585593,-0.148152286017912,-0.234805709326445,-0.345711076369522,-0.0783068010712732
"5YEolkev",-0.282712137940336,-0.158331206772207,-0.302870681807937,-0.299946931541914,-0.513802747712569
"5a8sf6QV",-0.197613098272447,0.191344179235865,-0.0142748664076978,0.0313332936683163,-0.330593119826474
"5eSvmqYm",-0.23038657462012,0.0715264908444098,-0.0226103779151082,-0.0762888735002983,0.312012094420482
"5hkN8fiv",-0.260649505660829,-0.183765317680761,-0.566476079169797,0.243734193519169,-0.430300923136742
"5oK8Gti5",-0.29249304540429,-0.114836522599663,-0.32635479417148,-0.454249349812035,0.92324562067037
"5paniGaU",-0.18914458088984,-0.0823995913046797,0.0138639223455853,-0.475870469680371,1.30073205396269
"5vsr7ZUP",-0.103206581582342,0.247860271042164,0.0938573969960575,-0.0829114564483935,-0.255443189945429
"60B4xMWI",-0.293582934203877,0.00842417434122526,0.149314495167423,-0.441509866344806,0.000673114975425469
"64jOUtKy",-0.163500341058495,0.591736112813184,0.0673180989536685,0.381382733642596,-0.705841949957745
"6AJo4xNG",-0.234170354527328,0.103361558308139,-0.0694125145488891,-0.0993840360961721,0.35913539087388
"6CAvhEte",-0.268204034555966,-0.159435172904842,-0.379371045323743,-0.351912589481304,-0.0661138642933911
"6CuGYjT5",1.39791453054291,0.0716476470125817,1.08214253169689,0.68631970741412,-0.837564901401212
"6DGH8ujZ",-0.269483281071827,-0.195498700815579,-0.58641297914962,0.055884980095612,-0.247152132863013
"6PzsGdVm",-0.267954073848356,-0.162568756067607,-0.403748169624612,-0.0593079338110998,-0.220816341710681
"6UcSJMbq",0.031495022481398,0.0461631546660477,0.354663418617429,-0.311854584493899,-0.345305168178829
"6WJbkH8U",0.835023085817349,-0.0496621533758348,1.0312643638707,-0.218018689615347,-0.780960076798534
"6eUWsVzw",-0.157477156107246,0.0837733744011207,0.0737080509808124,-0.0649368998447201,-0.58850611751953
"6gNyO7Do",-0.20967363112884,0.267896807449098,0.0355842687785344,-0.0629686741963086,-0.133862705385645
"6jT0AyHe",-0.193110272896541,0.114990493993091,-0.245365681958769,0.280285943956174,-0.59730562250512
"6nBgCvWu",-0.16627786305049,0.152011670156286,0.47226677792097,-0.0486838945154466,0.795729543504512
"6ro5mqg6",-0.297980464173292,-0.0674052023695167,-0.333574918774428,-0.468884766601666,0.821119994838424
"6sGqObX4",-0.221186754150086,-0.086051562883821,-0.269760951042941,-0.00993628941766488,-0.470476046265791
"6uEGy0n4",1.28485729152967,0.190660132217055,1.59651081521414,0.148484305961371,-0.776213045513022
"7BZ4LxP8",-0.198224670311322,-0.152525831808739,-0.148422847721521,0.187701657939915,-0.777160384970185
"7CmigXKi",-0.232800265871193,-0.169302279853414,-0.355778319595799,-0.13665447409168,0.235870868157937
"7Ga0LpfR",0.38927242604661,0.601016941102066,0.139632061216301,0.999897580934625,-0.800800912031086
"7PQsFvsG",-0.25274240286689,-0.188769199723801,-0.551469979695166,0.217309541996984,-0.378359706992467
"7aF7nnwn",-0.242910977226643,-0.0976429869097472,-0.0615163502272348,-0.474973312258488,0.550761199077611
"7asGzfX9",-0.180199467774381,-0.140790738102899,-0.203658893045418,-0.23432916019646,-0.44038883598441
"7cg7C92o",-0.246083021675559,0.242354041359298,0.258174110903317,0.00212012589095052,-0.2991646608862
"7eOxTpsB",-0.29609819165415,0.00137665040514201,0.049122238452672,-0.448548549862705,0.936161626808473
"7ey0v7ma",-0.218350958855595,-0.210158811308971,-0.485246570622079,0.431371069155063,-0.853044326641171
"7gocyrYl",-0.250430511192474,-0.180882016770758,-0.426331947708276,0.037734874378309,-0.420106605720212
"7gqR3GoA",-0.297060006802852,-0.141803090891777,-0.231281824416711,-0.464547885134259,0.420781382683275
"7og7aUXB",-0.223567026283491,-0.0917129401158563,-0.205509851121804,-0.190620732556333,-0.435666033650787
"7onRfa8F",-0.282292087166112,-0.0614178580848084,-0.112896030336238,-0.446255570719881,0.687400766591737
"7umkNuxM",-0.240489836627806,-0.156258256992077,-0.334253943240131,-0.104779623300708,-0.5036637478241
"7vPr9ExD",-0.20472677111579,0.184417082394872,0.0719531789258483,-0.0567445736246228,-0.348269218270141
"7zNjpCzu",-0.231245365521097,0.11894767330945,-0.107321125577972,-0.0751260242763307,-0.230366352691703
"7ztsQNj3",-0.259954827254992,0.0015921071755651,-0.216617041552419,-0.0853121253093439,0.171898314834801
"86gppwMI",-0.263281964495109,-0.00513586133910594,-0.148800733994437,-0.338750245504886,0.506162931660793
"88thAGdL",-0.227672162104408,0.207229210521556,0.106853919231104,-0.0751829031138056,0.0291371655469197
"8GhU8STP",0.185540330859255,0.335837038704428,0.840677898624589,0.209376273462729,-0.794877712435792
"8NlzDcWe",-0.272167791307334,-0.145461954283427,-0.178209092901795,-0.47066095606767,0.305778953686319
"8QAejdLW",-0.202856962680086,0.123940929975398,0.0651624296162755,-0.0662456431444092,-0.284728674760481
"8RDeFxWM",-0.296815551842406,-0.082466908035266,-0.0544496638762728,-0.470408010077038,0.928452497367023
"8UXP2NBS",-0.26574268967506,-0.0405970563445909,-0.093342649743632,-0.423646770275727,0.258803809098546
"8ZoV3KGT",-0.221033519186399,-0.0665642585301506,-0.0804230410160745,-0.259886092507854,-0.354114425388991
"8ajs2uG8",-0.236378963193309,-0.178563583987068,-0.517722566260303,0.0634380454122317,-0.531224588649208
"8bXnz62p",-0.255623765181169,0.232260122421886,0.144906034149941,-0.0513262378341269,-0.0888743455411764
"8nO1O1LG",0.793285967682376,0.716721781618014,1.36057047124625,1.25214048610612,-0.801930614310757
"8xE1p8g8",-0.258082381310597,-0.132824996299487,-0.349063906087456,0.0874774256606843,-0.601213193332738
"8yMDVMRM",-0.240542810084981,-0.187179812440939,-0.553051041757794,-0.0838885229156218,0.173527250635411
"98R5VaPi",-0.188014161386379,0.0275169867748304,0.543399074306779,-0.465346304144254,-0.153971639647452
"9DcTz2Ua",1.85379920426681,0.10866055502422,1.60089494525644,0.678475669555499,-0.848633035323055
"9G7nfUrK",-0.226445078054509,-0.0773980442765792,-0.0682201549629565,-0.441245895858671,0.358513989451696
"9O6GZ1HT",-0.151424542247768,0.035637023588215,0.443949469184757,-0.363144286815279,-0.617796960613034
"9S7fCoAM",-0.277922025645679,0.582348250759129,0.0857199470673457,0.311417779516239,0.673155113525747
"9iQwmFJR",-0.242740569203698,-0.154736800339657,-0.217733489520251,-0.24058967397377,-0.324670744422285
"A3Mt6SAQ",0.0451920211048218,0.0575915886046991,0.778196868165094,-0.464869987362291,-0.210525709350849
"AJIsQIcV",-0.283030678469734,-0.160728595405496,-0.318676711234542,-0.45900665544456,-0.194072438560033
"AMHKXMh8",0.868138597930805,0.282022589525931,1.47101463202714,0.334532622965854,-0.716752605231842
"ASwA2J4E",-0.298939933546267,-0.079308376267561,-0.317879834349008,-0.453929652992062,1.09784687823379
"AaFvEoHq",-0.295416193710636,0.0222331560088201,0.0640627394525788,-0.467088643941587,0.176830253412949
"AiIPD6hX",-0.255264406983748,-0.160747100519511,-0.350100111532885,0.272238018344049,-0.598143659545105
"AsIURvJS",-0.179594927649822,-0.0834898388888631,-0.320661747544565,0.927171326382794,-0.7013311104007
"AsvgbJ0C",-0.267619029092002,-0.144831211341801,-0.460211199866416,0.0767899531689679,0.167770513093833
"AxEhbkCM",-0.270131637806625,-0.166335408473001,-0.322526491189794,-0.444607673778478,-0.36453363711708
"B7VPkIpx",-0.259809330392152,0.0633465298689708,-0.0118638403470882,-0.101716849950401,-0.178078645131681
"BBwHqHiH",-0.186243061474959,0.0667507545811404,0.0994416752030809,-0.069160809141728,-0.352845853860194
"BMyps8hr",-0.211099310488524,-0.157566895454923,-0.313010077412187,0.187314098243824,-0.786645075506707
"BUHS4dQw",-0.168905473171055,0.437073433557275,-0.250796631042377,1.64835272938923,-0.675985916203233
"BZB3EYWQ",-0.298939933546267,-0.079070391921212,-0.320400654232476,-0.452865422934692,0.890303979916216
"C5UPCZcL",2.40426323798212,0.0710419587705127,1.12043777390906,1.05952054004639,-0.826927404398656
"C5gIfQbJ",-0.202897699981057,0.164570921808524,-0.424595139584426,0.630909251440376,-0.731731038822918
"CDRuu4Pn",-0.270678304658783,-0.0835464401246175,0.0278529737687074,-0.474028416576187,0.932690296671376
"CQhTYkqE",-0.150073724482161,1.48570014944541,0.114177603477147,-0.0544099686707123,-0.599547696800068
"CSEobMXv",-0.221686970999091,-0.0621716719711422,-0.381129807186702,0.515513497655934,-0.576659896869142
"CYMQE4x0",-0.227714582940064,0.02210262877236,0.376348602441561,-0.187371220651741,-0.0755739199250126
"ChQdtl4J",-0.26629566378668,0.0902041610070543,-0.0432431709284056,-0.0464144567830121,0.408682892454974
"ChnD1nrN",-0.294150534124968,-0.154164931014544,-0.240903793903738,-0.468337177740251,-0.280971837253556
"CvtbbIcq",-0.0342248796584178,0.307292088609337,0.286686651243624,0.134798227612057,-0.460283868722588
"Cxk06b77",-0.243344204766624,0.249195399946978,0.221559828423922,-0.0629972400052208,-0.34801747468888
"D3QD3ZEJ",-0.268645090467888,-0.13468149396583,-0.339875551375813,-0.359509286605917,0.185371068784781
"D8J5C6lA",0.200889073298925,0.381701513972854,0.503959154693242,0.152682948968055,-0.610113918389026
"DCeQwYfT",-0.260449789756968,-0.147141597938985,-0.352957796980831,-0.42530258401861,-0.336261675663889
"DDEftkx3",-0.296815551842406,-0.0827461414365828,-0.0892465227972094,-0.475773992119187,1.22113993405578
"DEwCfeDW",-0.255059135879601,0.135482622230821,0.163264833337427,-0.0907608779701331,-0.222390616907135
"DMkIV4oL",-0.298939933546267,-0.082466908035266,-0.340963720969562,-0.475086537925592,0.869895313927618
"DnzGfbxS",-0.208332487547654,-0.112933665796587,-0.155743795569316,0.554080765152685,-0.783788966902206
"DoZxo6f6",-0.288334013048688,-0.0485324638445178,-0.118694062779773,-0.471520469897172,0.271210230881991
"DvhBPGIk",-0.294942171289044,-0.150156757051847,-0.388344690448537,-0.293668840491618,-0.391937900393642
"Dx7GoUcT",-0.16627786305049,0.153441512359729,0.465451384677923,-0.0534640696738387,0.853606920784712
"E5hIjohO",-0.0270322615510407,0.70013681667354,0.257592583442856,0.435136252503837,-0.525475029864592
"E6x4XGHt",-0.281606437219257,-0.148309090795659,-0.356956600104461,-0.398902801072279,0.56215865643684
"EDEpAzh1",-0.239211938568916,0.0979435508328249,-0.305498099538562,0.188733781397741,-0.636696937596606
"ETGudkQt",-0.284589237058648,0.0948360194681715,0.0806582306422957,-0.109608563950844,0.0205675698637854
"EUleKrLJ",1.21648548068664,0.141187142405373,1.47622722095751,0.714851965578556,-0.684083836650397
"Ehw2Jz6s",-0.235673112224103,-0.143054228801784,-0.254634598207161,-0.164941011013131,-0.0569020380988857
"EjqzC4zH",-0.257544023203315,-0.129041807542082,0.0168903201311907,-0.377803654318753,0.139861950993715
"EkMZO3Qj",-0.285041977044107,0.0668695392352535,-0.00868670229424296,-0.106601814428068,0.385608808202399
"EnoNXWvU",-0.0293787915187964,0.0369809502402506,0.44808641639141,-0.37608006914219,-0.402745456842443
"Epv8ANwr",-0.26459167223263,-0.145766738064457,-0.329394272431146,-0.156411444612285,0.119936032470164
"Etro9j0B",-0.216308814999881,0.955825862741717,0.292265218258627,0.107974813309098,-0.477512002058968
"F3MIZj76",-0.298612652262972,-0.107853344458778,-0.270248124241958,-0.453109626149943,-0.138061815182429
"FB8tU00K",-0.262913625734712,-0.175859685391243,-0.505393727167496,0.138182508395958,-0.241417995987364
"FLhxBGMK",2.58881899009555,0.49336158418121,0.448369108013414,0.394860516516982,-0.295720562580524
"FRreR8ka",-0.269304294049367,0.153443928662416,-0.00808516414215187,-0.0698225462971164,0.512263929602006
"FXne4oAV",-0.157544852112386,0.294204716244613,0.150549123703473,-0.0617200119936748,-0.487137890225418
"FaW764jk",-0.251529775414203,0.238015252621342,0.189051238369941,-0.0733890223495945,-0.31515734492891
"FeAbMXly",-0.298939933546267,-0.0968223988379248,-0.355271845033846,-0.470717613708077,0.935496288347192
"FeudaFXn",1.13607061268138,0.813379457701767,1.02067049212038,0.215038053082702,-0.734869379060428
"FldUmFeM",0.122274522977072,0.00360010262771084,0.510446444991673,-0.324208331708657,-0.513216276805901
"Fnv5tfAm",-0.259170354016795,-0.0289645631669159,-0.254990294295259,-0.403047194295764,0.223390378494018
"FvrAd3Or",-0.197822792496417,-0.0549683023679642,-0.0091210436055638,-0.294399140595894,-0.373071890216602
"G48zHffi",-0.167049198594073,0.0168579859620936,0.524438248919074,-0.384975211302621,-0.343994992366656
"G76zCv5N",-0.298939933546267,-0.120849787777217,-0.287362973406407,-0.474684399712172,0.314390360178706
"G7JGUdNf",-0.189985463855154,0.206087370030663,0.0425009876951522,-0.068593984781644,-0.391833980910182
"GCo6MONx",1.01331419577279,-0.041123315734191,1.09215827266342,0.396359523527795,-0.807771344215719
"GE0vbpVQ",-0.226133085126458,-0.143779464597508,-0.184255802905213,-0.321026543558733,0.0186908490335272
"GN0DfOqt",-0.256719764714068,-0.0817397976087923,-0.0872052386698878,-0.457990698590596,0.0415011675114036
"GNsTAb1v",-0.166530403484898,-0.00917323818783644,-0.325635602595221,0.56469175380849,-0.8290317132658
"GPwmO21z",-0.274364889194124,-0.155022862935538,-0.409917556627366,-0.247501563372718,-0.395697913363213
"GQYpfLoh",0.0661417208026106,0.335108548351153,0.0176121967590178,0.363936379160809,-0.830079549571457
"GR9knT8n",-0.260262254539234,-0.18335933623967,-0.552124071682924,0.207532558075327,-0.302016950273895
"GXtFFbZy",-0.186929216511894,0.00435151307611597,0.0739078867580464,-0.283077592694676,0.266407103106619
"GYvzvvFD",-0.298333364460561,-0.138664414497028,-0.337804625758587,-0.251998353796672,0.158502140107686
"GemPjTJ9",-0.231421205643172,0.111990560611697,-0.129445943561712,0.0759034071525676,0.279028545334135
"GkLYRm1K",1.13287308167918,0.850961380519276,1.54968031262341,0.083439873181102,-0.786319408459191
"GmlqP8eI",-0.231558942438396,-0.204483133895219,-0.591127651525113,-0.0308407948543906,0.374688235559688
"GqkIrOvf",-0.218031788893252,0.143080853503289,-0.244535564871338,0.164900115652317,-0.444696108741944
"H0fsegPi",-0.284237119513528,0.0593030017351118,-0.0828838725740473,-0.0898238361588513,0.447451309012344
"H4dHpJjU",0.977405985386293,0.182561657810792,1.35669518313623,0.85034019257644,-0.812963572799755
"H5QwJCuU",0.100834097522954,0.668183269627262,1.21121434022094,0.16120254505715,-0.608458188912081
"H5uwmSZ0",-0.298939933546267,-0.119390758393277,-0.242605255576531,-0.474583031709488,0.530702512615561
"H8MtbVoL",-0.213767128012545,0.0906899914419251,0.101660051611059,-0.0682344442667445,-0.281593262304304
"H9JrUYnp",-0.258455579857083,0.15849483255965,0.0402415236709302,-0.0642895151342309,0.649250668595508
"HHYmmHVk",-0.184572806592778,-0.0823995913046797,0.0216247185155223,-0.475773992119187,1.07747205850978
"HJ5U4uqL",-0.240793277352204,-0.188613721125361,-0.513679268996998,-0.0262904805775621,0.185308745288194
"HNQxYc4w",-0.296137634546305,-0.139946304836378,-0.359105343946959,-0.466502251944901,0.130468712588438
"HQYhKHZ8",-0.253616646666145,-0.165134516019167,-0.420419031437312,-0.246579041621841,-0.286750950935645
"HSCMx0MC",-0.298939933546267,-0.0838560954629204,-0.198652282678165,-0.454678343677972,0.848955524006439
"HXYuE0fx",1.41781902622515,-0.0287767267037492,1.38078922537593,0.641413749305566,-0.84758980945798
"HdKcxEWr",-0.244679858358767,0.219807653619826,0.355484156375604,-0.0490485423304944,-0.342809399838931
"HecW1iCC",-0.196537766907831,-0.104266527017022,-0.323386882427115,0.0612365444062674,-0.808038159222735
"HpbKB8rv",-0.202784045692956,-0.21449410978923,-0.606918618611331,0.985234580134005,-0.807861380120349
"HrkoYjCg",-0.206321530955051,0.125697994598526,-0.199858576572544,0.110802381749202,-0.436922501612136
"I5P2uquT",-0.220693779771817,-0.137861625709859,-0.125009955377682,-0.146999064521931,-0.159325659201014
"I94qkDM7",-0.298612652262972,-0.114412626560445,-0.127716891026739,-0.451835705799076,0.47010335493543
"I9sQbtt8",-0.216410767857387,-0.172931379036541,-0.479580745163159,1.17854044857809,-0.65764145324704
"IFxgw6ZX",-0.276927722918305,-0.14553880227844,-0.277321214172233,-0.316691621216063,-0.448707826657982
"IPPPSyoU",-0.289842429481568,-0.195592035091089,-0.531123179013963,-0.0837594716852533,-0.46570301805739
"IQOYQubU",0.79630051796288,-0.0512465051676971,1.09996729935877,0.24357854702478,-0.810782715729074
"IYNE2SxU",-0.267284528434138,-0.154845814598753,-0.196778487792308,-0.289380603992857,-0.399440756795555
"IZRFk9kN",-0.269374013173813,-0.14235384714392,-0.157557995050063,-0.459768926371702,-0.247665323506269
"Iaq3v0t3",0.000864083246102683,-0.00037729149374323,0.735909488283985,-0.461910329181211,-0.347630149992093
"IbVwu1t6",-0.27501520912426,-0.191559859844419,-0.544729558801575,-0.054130036110404,-0.193397437663801
"IcHKTLyo",-0.207697260814541,0.133651289667445,-0.0322811458502927,-0.0763749723963494,-0.335703025969595
"IpW80wVB",-0.281349900227979,-0.145129978536467,-0.419940701390575,-0.281164835863968,0.236204323171578
"Itb0PYUV",0.983597614577516,0.0968800147279338,1.40966192508987,1.00719831315409,-0.824401967885618
"J8fpSwS0",-0.29649293548819,0.0113483277408751,-0.0955569422968081,-0.454510889084137,0.734142621692093
"JE1SlbD0",0.0343103027823617,0.620491959862393,-0.00810200120195748,1.39291102994948,-0.836247016968528
"JEB4McNb",0.750429967617136,0.017794551385833,1.03843649314701,-0.230136910500874,-0.787841658653261
"JEE4QVeQ",-0.218353840345863,0.0957440147494359,-0.00720479673586972,-0.104714273641866,-0.347389615819609
"JJSEU2VQ",-0.298939933546267,-0.0812049286467038,-0.199067741018834,-0.474804001115965,1.08801102980774
"JSsVriP2",0.177505989827191,-0.0871685074207354,-0.0069840657423133,-0.183500254337194,-0.514430868066178
"JUvQNiOK",-0.19556192238275,-0.047236857736182,0.208197854309583,-0.441048523106148,-0.00407809206394481
"JZbrRtm2",-0.11153296981585,0.0298640382849156,0.51262042722293,-0.312878281534053,-0.458371994831661
"JcE9G92B",-0.208762048854849,-0.138661719870047,-0.259305707980409,0.235484838783272,-0.628289159092413
"JnNYpXHr",-0.172185182611425,0.66349394865238,0.289321112143432,0.632563640941518,-0.790764825461994
"JzpbnOtz",-0.296399909351973,0.0348766366760833,-0.118624934823785,-0.463804684215428,0.283273651554308
"JzzUhPQp",0.969627192047071,1.29870182780555,1.62926249857165,0.0890978696739688,-0.74415878126174
"K05R8dQK",-0.28091464273301,-0.151784493914263,-0.434419062980169,-0.0202238745141362,-0.553458980093532
"K17pG2mG",-0.298348119574734,-0.0615038367423313,-0.0855535890304719,-0.47032708045893,0.112691402894264
"K8BellUe",-0.0175500860000937,-0.0422201942937947,-0.207892990049945,0.119655191949283,-0.838997722835768
"KJ2eH6rr",0.322417171750994,0.364218866494443,0.103410069532036,0.365517969116179,-0.835943844485047
"KJEJ6Glk",0.0613906794050236,0.42142504055007,-0.0113897471164436,1.19095374302341,-0.840929385251874
"KSbO0oXS",-0.0962072513318189,1.78167121972893,0.115590242111756,0.58270245649327,-0.755831101344007
"KXtvmd01",-0.298939933546267,-0.0973771726933647,-0.344597574632521,-0.474656210691535,0.81978054510549
"KYiJqBuJ",-0.176408096428434,0.219135036447248,0.0510979453835734,-0.0767858901980309,-0.374671973601301
"KmbAyTcE",-0.170300067262515,-0.0621696516587331,-0.205527013031231,-0.350963101281787,-0.249861423042888
"KnNyl3rV",-0.259419818476825,0.0024895442342912,-0.0010766418456593,-0.451240448137235,0.499882765020532
"Kp2DG8TZ",-0.274086012825805,-0.0326672015950911,-0.0141652561551599,-0.391486717722629,0.160747990535104
"KqQtKWs5",-0.163856324024994,0.00406121318817788,-0.0707303171580104,-0.465712474178451,0.53829494752765
"Ku27g63R",1.7658886645195,0.557092718546911,1.05898141016081,0.783727585606321,-0.61088562723512
"L2aTVqDq",-0.24751343730192,-0.189017187688467,-0.559102897251233,0.311969158624002,-0.537861444115125
"L5jvq6G4",-0.298296535310073,-0.124875809004843,-0.127192179306968,-0.470634721155769,0.503953486135703
"L91hYVQl",-0.270108503375435,-0.114571801313126,-0.234447388222252,-0.468174080345132,0.214403211764307
"LINAMlbA",-0.298020838291438,-0.134519807456313,-0.232524801792029,-0.259477712981562,0.294741748353334
"LJoUNXSx",-0.281926077343813,-0.174515381644748,-0.591067371962924,0.159153089899731,-0.250775253360019
"LLtSiyWD",-0.297927055346003,-0.161022803107737,-0.422895165058768,-0.46621387149973,0.148373957862683
"LQJtV8kn",-0.185879194694537,0.0937765947716745,-0.0339369441122337,0.0126362619212741,-0.441744792476825
"LW9uddw7",-0.199123764971546,-0.198295707640663,-0.48108721771169,0.577963054317278,-0.830564362608421
"LZ6sdBTR",0.595800029205441,0.323581981824278,1.3355251558943,0.468299870099954,-0.618701006105331
"La2Vhnne",-0.178917008291552,0.372873918242443,0.0601647602329338,0.0996781333192253,-0.0555331095881336
"LaUWSq9B",-0.161881831504003,0.100643750954779,-0.0735757632452897,0.821419919433282,-0.753017567519557
"Lk4SfkPQ",-0.0099062765874399,-0.153542971070196,-0.384084514063697,0.492194965052512,-0.855776289575355
"LllC836d",-0.268874225066376,-0.106411389030458,-0.355103520855972,-0.245507721848516,0.394524969987601
"LuGiGeWN",-0.294335084637945,-0.137206633007056,-0.239204136300585,-0.451540184645331,0.448251062150316
"LzcyHcWa",-0.29866181544393,-0.0812673923962264,-0.164326605621555,-0.474309613673155,1.15100593667821
"M7veP0H4",-0.283553303196276,0.131117456583396,0.062732829640677,-0.0780894114276032,0.687484949573922
"MB8aaJUc",-0.28389282258197,-0.076288294797351,-0.252888156002232,-0.013611758326745,0.0867088693242253
"MDpe2zuy",-0.270137525995154,-0.0484788854566982,-0.234625666905066,-0.105398221297973,-0.193622747915301
"MEzdmEIU",-0.298939933546267,-0.117310580141362,-0.383273211909689,-0.465986209046399,0.255051865851221
"MVnhtivm",-0.266096096161914,-0.160998766781815,-0.426562275121069,-0.275322954948359,-0.14543532419781
"MYU7WDis",-0.257176302806261,-0.0341475941610342,0.137319788798215,-0.386980506062963,0.228372445130744
"MZFqh6yw",0.146908603379422,0.092743008287327,0.831357911045313,-0.419081716370792,-0.377514167328013
"Mdgy4SsO",-0.069815159299461,1.44458403825622,0.0183732472234305,0.905245333683167,-0.825245135834236
"Mj8awnzy",-0.296909846570048,-0.00484675583497256,-0.0355598148539244,-0.469305002881447,0.809968100387384
"MpFPbUJy",1.10398005524982,1.08346449362997,1.43305725166815,1.10778622224351,-0.79351479742873
"Mqk7MFBM",-0.283005350040145,0.135334383206554,0.0764539600310339,-0.0913938551488657,0.476350542192593
"Mqs2t1Eo",-0.232707563683613,-0.174750886664677,-0.372875207864439,0.198215308469726,-0.755510973668965
"Mv3jFVxp",-0.267176680898535,-0.129997174781734,-0.317323165522537,-0.396033686087101,0.332376657727235
"MxODTXvA",1.91347507930538,0.495641235128978,0.413118280616873,0.393841866911168,-0.144322263949054
"N46PbpPM",-0.296815551842406,-0.0485841355539123,0.0708758121108655,-0.454483999325648,1.18216493057211
"N5S5F9Gk",-0.267591061836104,-0.067455327936481,-0.19574346657291,-0.239429823707175,0.382513458980743
"NLDg5fqw",0.54724436820017,-0.139399325671041,0.550480228278728,0.70508022534133,0.35044239063914
"NOho2ZiM",0.461369654111851,0.630419126452338,1.23557873882284,0.406367668515537,-0.832757071658426
"NUuY7PFU",0.70111486362904,0.727218053497238,1.28778776168036,0.885869302328086,-0.82552059576222
"NV1e8AEO",-0.244878892192569,-0.0451135408639878,0.200795651944517,-0.471450794790383,1.05051312942454
"NZLXROKC",-0.183570271444673,0.386181637684612,0.0534525632100826,0.0469938207450863,-0.360971275929545
"NaJo7C6o",-0.214596101683353,0.139127487114754,0.0532419192146497,-0.0321987094330892,-0.367747968500909
"NgsyGkrO",-0.117192303626487,0.10092051677297,-0.160525966271944,0.219489249133119,-0.597584961102039
"NjOx4Zpo",-0.228000435102606,-0.207485779507034,-0.59826412831617,0.417224444569624,-0.791421013642846
"NmQoI7x0",0.642057753337439,0.193771264625846,1.41478316054214,-0.280256273538992,-0.694016628967412
"No4wkdLS",-0.298480825235078,-0.143206679263243,-0.21851115825723,-0.474257899575501,-0.0348401800110215
"NouMwhOf",-0.18049843534719,0.0104407499753826,-0.137599414405774,-0.0310906161233967,-0.60295734034033
"O6YAWd8C",-0.172151934179234,0.051646652029642,0.0808999718177952,-0.0713437829040132,-0.320066658891197
"OAXVphSh",0.0752183650962879,0.133670197889261,0.145488662572583,0.136723895303896,-0.44932738687902
"OJBBhb6Q",-0.298939933546267,-0.108609814892851,-0.345230652145986,-0.472936819413836,0.745381148342894
"OSIQXImL",0.242412221460826,0.629519446454618,0.267985241100795,0.400321722877081,-0.569474505689635
"OUUFc5Zz",-0.298939933546267,-0.0980477515735464,-0.319435195301884,-0.472741159298032,0.763536816930486
"OVk1lquT",-0.192613761841286,0.558636063606192,0.161349502578235,0.832449762419775,-0.587233270592146
"OXdRxjzz",-0.256067852611661,-0.196855394285434,-0.548199755523759,-0.0358628922705252,-0.503736714891004
"OXxW2ekf",-0.252100687642414,-0.128100520114704,-0.196748235999188,-0.468299974516291,-0.209187740699119
"OXz5OpqR",-0.244393617963458,0.356847801232974,0.264633315507556,-0.0728706196109167,-0.381321522162431
"OcBFW1AX",-0.22391679357592,-0.0993767964817901,-0.141831075130753,-0.278515196820798,0.352420281125113
"Of9V2rpt",-0.234762333399688,0.156287334511162,-0.019509409704379,-0.0774325725207892,-0.0663363332681842
"OfLxPhbG",-0.218056977710098,-0.132379029296234,-0.17951996611977,-0.156316725986438,-0.118220337230754
"Ojx2vi48",-0.298700678550763,-0.144169824789755,-0.274814804339994,-0.474090761810614,0.368667280751825
"P3M32iuT",-0.296218200839141,-0.106209660992717,-0.0956295987496389,-0.461659751787627,0.499674889424661
"P7olVzrO",-0.28286008910639,-0.158128493975144,-0.404859363301794,-0.435302147427809,-0.0376525059466381
"PAPHErnv",-0.297474979841215,-0.193740771595881,-0.579060102143021,0.137833734079332,-0.331596139255464
"PBjEtfXb",-0.297570998614619,-0.0294586274967808,-0.0927896612788096,-0.453729971545858,0.685900868511621
"PZGpoBBj",1.08802634650181,0.339779350694085,1.62404288518504,0.0855675367037848,-0.78916339674866
"Pc2RrxXS",-0.237238262696318,0.0190277588651337,-0.332913599149678,-0.294190519788822,-0.503023702593798
"PcHQ4FOu",-0.283191742978237,0.0550949421192587,-0.0725398685179558,-0.08361982258126,0.286188682683835
"PeNyTOVN",-0.278688391286279,-0.0600988985296446,-0.164771866355642,-0.454164214203122,0.00394054162968941
"PhUPSU53",-0.22775424568825,-0.168863644003397,-0.37268277542892,0.20166301443662,-0.726830218694186
"PmUNeV2O",-0.298612652262972,-0.115077990762096,-0.114017174741665,-0.473584653803546,0.357466421166058
"PoDJ0uvK",0.432310490350648,0.574461667069656,0.867737833777715,0.448311429709541,-0.578785958282618
"PsUJdJdg",-0.244723636250609,-0.155003340094831,-0.315642065773496,-0.0157308051756681,-0.551406880775423
"Q3xLFx1f",-0.217717429072026,-0.200914527431127,-0.526513810664955,0.124241386057307,-0.206908056807663
"QBGxCvdM",-0.199229785772346,0.0777818185090828,-0.0335419296729823,-0.0621135137445168,-0.360565552630473
"QCEPyu6L",-0.257356574713919,-0.186821679393793,-0.510810298668633,0.112051307127658,-0.501558560949752
"QEfwec4s",1.0859562215445,0.810573264730939,1.70191335791301,1.65645473363234,-0.791560817984855
"QZ87Nnr3",-0.282142483510742,0.137852362774443,0.00329882701260452,-0.0786131588629402,0.699362379174086
"QlyGN9jv",-0.298939933546267,-0.0440292337925348,-0.145150858974339,-0.467017643990533,0.680437137633601
"QqgWE1ny",-0.227585387245505,0.125706546234845,-0.0726101499946417,-0.0675417872388493,0.265803469431633
"QrjjBpZd",-0.257664998559204,-0.195125061499781,-0.489777751248369,0.515695089245957,-0.612834781444399
"QsaBiX7V",-0.229493482476808,0.141123991782793,-0.0681176400096707,-0.0247644550298015,0.257635423631823
"QtBKJuZk",-0.250540077700223,-0.154764618156331,-0.295090706861543,-0.315733084370684,-0.302481259887845
"QtPRO8OJ",-0.295057969967208,-0.157640155027223,-0.383067949684121,-0.464943343565274,0.446365724104137
"R8XcsFnp",-0.18428939690833,0.160680799509751,0.275234543798906,-0.180676221796205,0.745053097571299
"RROfRt9z",-0.0770273060590008,0.0164208786807988,-0.122771294967789,0.764286820448008,-0.656507414999979
"RTcbiDGq",-0.29594168629406,-0.161572408158928,-0.333879545309067,-0.339367542488245,-0.365718788572587
"RVidM9g0",-0.21602545699832,0.0514888525455016,0.248721352087516,-0.453696113985254,0.0609025882328683
"RZnQSH19",-0.298939933546267,-0.0841170150422216,-0.399412764971773,-0.472661933253167,0.973267510140073
"Rc4UK7fT",-0.275915643730944,-0.134695152773697,-0.346421834309469,-0.217365523234386,0.119368574933802
"RcKBKh6B",-0.298284375003759,-0.0900134828529558,-0.316459921448361,-0.452840700177553,0.500456160467573
"ReM5kDa5",-0.199755153314859,0.161788763538054,0.128282678444686,0.01506647614328,-0.33960732749821
"RfntsotG",-0.298939933546267,-0.086795755696795,-0.330127272443913,-0.474945944488623,0.860732887095666
"RiXMlzXD",-0.275241955031946,-0.152623534556703,-0.263390423152445,-0.46671371044868,-0.356802129954841
"Rik83O3m",-0.284771198364782,-0.0739884196390979,-0.110200124325317,-0.270130339899264,0.287808374718459
"S3PCzDzO",-0.250076868603087,-0.0586462117141683,-0.0789581094876109,-0.107586446953215,-0.281193034435987
"S77BviOJ",-0.270636477966704,0.120017166816005,-0.0497371718567516,-0.0782160237238569,0.300297270955421
"SDdvtktF",-0.236033065908039,-0.172475518446248,-0.517423974705504,0.20563388862328,-0.625472166382893
"SHs1AyfM",-0.247059989388368,-0.140096872237639,-0.247787363095188,-0.326602897491364,0.227254141896666
"SO4zQy9k",-0.298939933546267,-0.0802857120206531,-0.338546243310297,-0.470874362368772,0.837208776880074
"SOOBCoiG",-0.2252612244775,0.193749679493096,-0.0426329385849912,-0.399288120118247,0.948009673416032
"SXkkPB7A",-0.2563565136378,0.0326873547032174,0.265636731803402,-0.406464753654528,0.976398277954408
"Sa93dGqq",-0.265673736322925,-0.0572941373448968,-0.132166044867472,-0.162078777471431,0.30605607084709
"SonIG72a",-0.298107860062204,0.0155289946828682,-0.13048755310155,-0.464610320965174,0.722636632032393
"Suf6hIBc",-0.298939933546267,-0.082016655042501,-0.304124560638191,-0.456768568906885,1.1177564523712
"Sx2JeSRz",-0.233991796524178,0.160453361710828,0.0954856202283794,-0.0641042845418128,-0.0920328746360502
"T1Tlftr4",-0.294848626007465,0.062441961380436,-0.0532586313447648,-0.453191696933406,0.293134304362113
"T7ulR4ci",-0.298733415234868,-0.0831437820998276,-0.114491915902772,-0.471226044016119,0.692940615412322
"TA1NB3Br",-0.298939933546267,-0.0786192825608677,-0.255282256307779,-0.45395061227627,0.99339978048944
"TFZUskaK",-0.18175781676039,0.214730890969886,0.00798557029883381,0.159032773140388,-0.70467075588644
"TNL8HGWZ",-0.215132070304758,0.176098793960829,-0.0601634836799085,-0.0727992190394499,-0.351046100916984
"TZ8z1GSF",-0.285737596910317,-0.161235643092557,-0.387003012390279,-0.450675747590397,-0.21921040721833
"TqhRvkJJ",0.832211757183737,-0.0918743075986286,0.94719534639118,-0.205205846261399,-0.738450196436168
"TtJCUiY4",-0.294929447481261,0.0308653013651827,-0.0876447562473873,-0.443433641615027,0.775580294121025
"TwDq0lua",-0.184708075146881,0.380402332451187,0.136233993966214,-0.0601886204365026,-0.590977427403813
"Tzyf02sI",-0.0107406261734882,0.278001828150435,0.78419322184495,-0.399989332983552,0.627489342254337
"U3yI6ZS5",1.24972616096286,0.186362963560776,1.58997638202789,1.37248123975954,-0.83662604438723
"UBLnXZAN",-0.262270086345129,0.250307288066727,-0.464930477637575,0.770127632895602,-0.563358748284215
"UBWDzleg",-0.287631814157878,-0.145217985704506,-0.354813338490326,-0.132300196225006,-0.471440164917523
"UBqkX6SY",0.875912453166057,0.397672946186634,1.50019405411859,0.166806423254963,-0.78015675087373
"UCIAi1Aj",-0.258200454944772,0.0816635869844695,-0.085633099053791,-0.0656296801928767,-0.26327004072837
"UPbXGvCS",-0.191286463642419,0.185130648590127,0.0402629840388351,0.00997574274246211,-0.361660193329635
"UeWm1l9F",-0.264459598151375,-0.169801007936515,-0.543240041298195,0.153209964064462,-0.198459636992371
"UhucscY7",-0.211614426319385,0.015618463477418,-0.441101024720831,0.223644826906595,-0.370082333764309
"Uri1SvHV",-0.200768882022911,0.0548884738862761,-0.00433985566983604,-0.0639546762961136,-0.376260169475302
"UzxipGJS",-0.298939933546267,-0.118380831071322,-0.395206933725153,-0.468179943353846,0.714962188186428
"V74zfaAQ",-0.197419999501767,0.0932019692796271,0.0560917732011308,-0.045503555518627,-0.356840471946781
"VBPxBLTh",0.700949440723184,0.0751151460578761,1.34028721661607,0.686352637864942,-0.81279049491656
"VLG7CXYS",-0.298939933546267,-0.0942822230489303,-0.306273383904549,-0.446300357746373,0.511800548013416
"VNk52SpF",-0.156076729109829,-0.219540657661023,-0.523933927153499,1.45618830422734,-0.858984483905023
"VOREKsok",-0.183633904603035,-0.0823191993096921,0.0126880992211519,-0.470051738150553,1.2983555824836
"VRhTr5pX",-0.298939933546267,-0.148067379201425,-0.390343571924853,-0.475123750509451,0.294944250509734
"VTcG4Kcw",-0.295704716288492,0.0157773578544556,-0.0465195875129853,-0.45126894532893,0.203589001226422
"VeKiWSbS",-0.298939933546267,-0.0779880120666432,-0.318071008007508,-0.454170124527671,0.861940666961932
"VnU8nJHU",-0.227299372834966,0.0996075482824387,-0.0108957103202253,-0.0762888735002983,0.378642126063851
"VueNCxYv",-0.147020496888778,-0.132178355770616,-0.364527686108137,-0.199502143182171,0.111963673659747
"VxuQTRUl",-0.230080619036966,0.0443797886485874,-0.0976099514115193,-0.0648556524049804,-0.16738955043914
"W5lgaocA",0.0890115275407604,0.127634640789773,0.794892517502442,-0.193025488443175,-0.29918374337159
"W5mMq9Ef",-0.2542904596626,-0.151210551708986,-0.4123071505396,-0.00170350711761392,0.272437280292995
"WDhNqFpS",-0.140119313377579,0.584469161096407,0.0805443346331555,0.465701113411852,-0.682515328039309
"WE6n1kZi",-0.259006934463474,-0.182951114270425,-0.59886160414722,0.396142657030004,-0.0588976082399949
"WFk6r3vA",-0.287584225833343,-0.0441409543227954,-0.217996112257327,-0.374506164237607,0.271937698186145
"WFyIrsUR",-0.17325666293654,-0.0459235448495202,-0.302566766394033,1.4182634819169,-0.819929690151932
"WG6ZAsqR",-0.298939933546267,-0.0823191993096921,-0.375285378420847,-0.475870469680371,1.05268717734499
"WMq3CZQk",-0.234274252371536,-0.203239921768804,-0.599731998223932,0.545047926183409,-0.781342149027372
"WRskmGjh",-0.293494494526292,-0.147482448793618,-0.263973186098375,-0.459379132363053,-0.150208283414589
"WXijSglj",-0.240230403776252,-0.18221547797316,-0.509118554356007,-0.112975346923757,-0.125884281515223
"Wc0stQgu",-0.254371989927258,-0.195746837038198,-0.533349260878635,0.00898229181113331,-0.554227831927248
"WewoSCUB",-0.298612652262972,-0.120558132926294,-0.0980707704673731,-0.472048919648607,0.436572938034175
"WuHuhHWJ",-0.298939933546267,-0.0799216137164051,-0.344859347727824,-0.46721981196201,0.83611958497146
"Wv7EBtZb",0.0943216984306047,0.493140592415254,0.698329424710664,0.0343658232084881,-0.699828635335917
"WyPlxDn0",-0.298939933546267,-0.0444782966753909,-0.107911808583697,-0.474366191970926,0.917801775996507
"X3WqoSNN",1.33733797297724,0.20603371550964,1.1480058730307,0.590974872512602,-0.833090368239454
"XDhyP9KB",-0.225715893428861,-0.0118531330731886,-0.212560600604654,-0.0454238142744549,0.18233624868827
"XQxhDRMG",-0.266242873984329,-0.0990665972821786,-0.213816328388298,-0.175607867528697,0.280435605515664
"XjLNAwxW",-0.088892910890764,0.540273767604051,0.0831785026565533,0.341606593584317,-0.529797727381288
"XjfVQbXd",-0.12795616510233,0.487607322414511,0.745191357728873,-0.0626303404010004,-0.532993341139392
"Xovczbf6",-0.184038915617409,-0.0822766302799355,0.0214992794700118,-0.475870469680371,1.28483640902658
"Y8H4onBf",0.129413360095105,0.0792987694487041,0.0147397452452095,-0.384582977809623,0.649042001444985
"Y8YgzSZ9",1.15463036509227,0.43744365147413,0.88397016763696,0.16732949647566,-0.423447196441403
"YC4PNV20",-0.27004876208523,0.155149826690716,0.380592651761411,-0.0593283998445813,0.871032865378733
"YDHSCRdd",1.83816355631511,0.616882966942935,1.57781130814353,2.1550431990283,-0.835155026687887
"YIJ87aME",-0.264913894212815,0.142184790266854,0.110332198921622,-0.0528852825273794,-0.112995327665636
"YKvT4dFv",-0.298348119574734,-0.145511513686815,-0.437192164111748,-0.438426402645166,0.709740328210803
"YNebALR2",-0.298129034980314,-0.146020882130626,-0.321060982723141,-0.281469314480908,0.206869808038647
"YNrnqFyb",-0.202906935522211,-0.0808253449967188,-0.204526414333468,-0.433328937738991,-0.296104073256674
"YUZ4lR3m",-0.298733415234868,-0.0960118882185309,-0.188952287208903,-0.467617987503397,0.468111010812115
"YYLvjoVC",-0.156875365467128,-0.121467018348019,-0.0241063091541409,0.0885999951659682,-0.40654267506369
"Yb8OtMb2",-0.16718101644424,0.159759950970911,0.0229027141569001,-0.0708229465730622,-0.409813205203652
"Ycg4lTYw",-0.171113435871273,0.103790506529642,-0.20525236413109,0.483979165724961,-0.795606745836293
"Yfk6tekH",-0.199978182597509,0.00647388806304143,0.447957766592302,-0.248034357449389,-0.633673616967322
"YoSfgmR6",-0.280946113208085,-0.160492596493112,-0.296070104631255,-0.331119857519158,-0.40704819336524
"YpzFvexy",-0.261761065040663,-0.160585744644435,-0.372571757314997,-0.257660918940473,-0.516066143085054
"Yxqppfa3",-0.152219139439498,0.0711005915293732,-0.045711531829762,0.543617252346369,-0.635755145315334
"Z16jTUvP",-0.278577873074542,-0.125284539560971,-0.357468219178153,-0.236288667282792,-0.26505679971559
"Z2BdCCbJ",-0.285842790601617,-0.0811785730706635,0.0867519482575113,-0.46557183979227,1.04585913905709
"Z2JJMM6V",-0.263714176406001,0.120099323135199,-0.0994411826721247,-0.104828638021034,-0.137524577184349
"Z5jE1OB5",-0.297243618635878,-0.114945143865259,-0.366236701422614,-0.449360752610472,0.0747988344712419
"ZFsIqYxA",-0.286659062043248,-0.156047361246175,-0.30128116939076,-0.442810112832591,-0.254765932539763
"ZHDVsoRh",-0.277727441422248,-0.163877806595442,-0.429718971435354,-0.11811715684154,-0.555877247918978
"ZSmfu2Fc",-0.298080880607641,-0.0953936994491803,-0.416276969944464,-0.257797923519811,-0.0607312775306965
"ZU8YXF3H",-0.298939933546267,-0.0819659338772592,-0.267549148301838,-0.472936819413836,1.17602931644182
"ZXKaNy6Z",-0.237056342615334,-0.182186605246956,-0.393297747108901,-0.122887603744612,0.337924659375097
"ZbYLo0zK",-0.23950355038613,-0.158423863602318,-0.268043364405712,-0.344782486676494,-0.0827015578780336
"ZedN8Gcn",-0.227906539355255,-0.119669864022155,-0.328833342164286,-0.192220259888083,-0.551206399774489
"ZgD4Dau6",-0.222328246394695,-0.145410353759333,-0.201661866117093,-0.404710921554351,-0.463239546233629
"Zgzf79LA",-0.279024448692147,-0.103556925098266,-0.115897995504314,-0.467621524296421,0.368320043332322
"ZjqzxDOF",-0.0911849352801126,0.146294120003475,0.655167986102142,-0.18392878946885,-0.477334377013236
"ZsZ5aDpq",-0.170450767838168,0.233157274560155,-0.100812837955509,1.03105270784386,-0.82167165763941
"ZtyqE7If",-0.135094124018046,-0.0305029591801247,-0.0910662357002491,0.14758440070735,-0.571429852716613
"ZvUgz01f",-0.296382028064211,0.00775214317255804,0.0559409384637793,-0.473999964633818,0.193702549397213
"ZwrhgdQV",-0.0240574453700911,-0.0665900487058902,-0.0530756105810249,0.413775998203326,-0.554222528452555
"a7bhJGBU",1.30364429173568,-0.063955210499733,1.13901320514974,0.742587495856519,-0.822077589979569
"aHpv6KzP",1.41177035629277,0.10571597069011,1.699971757307,1.06432952265757,-0.849896085827508
"aINzEBVN",-0.238761236568328,-0.0419292903925091,-0.107483868916566,-0.252940887520215,-0.1844003090155
"aP9EtTGF",1.87985635834957,0.0299507156691414,1.66502042380408,0.113608841836447,-0.794724475926454
"aV6EhtSL",-0.279607613875088,-0.142216518233659,-0.215883932460928,-0.385131345128784,-0.280718143705926
"aVZsXKoH",1.26338980725918,0.2512277912594,1.56274834081412,-0.00942061394294599,-0.80511192626748
"aYVnVJvc",-0.165089625617467,0.570496290671355,0.125595165544202,0.351816157936984,-0.397320969614238
"abCzN1zx",-0.245692215571545,-0.194055466049512,-0.580570361695732,0.591065254609596,-0.57253146664358
"ae7sMiB4",-0.253853099250025,-0.119645289821029,-0.0844071094748221,-0.199622582061018,-0.409300008965997
"afsVuCGV",-0.294131150206283,-0.075515226552435,-0.309003512137931,-0.149502610332121,-0.187190814619693
"aiwBQETI",-0.205961686131352,0.20376508868785,-0.0507813992135413,-0.0669755781744101,-0.363925053455913
"aiyli4EI",0.144102187389575,0.672211965099909,1.1974887749345,0.159811223916023,-0.548746958224044
"apJ7NmzD",0.839118442191289,0.446791038918809,1.0921218241314,0.111819847215115,-0.70396907106627
"atVjNMtQ",-0.167323171123293,-0.22046118982082,-0.521466411150448,1.45644197217885,-0.853878693965116
"b5GirVGV",-0.298939933546267,-0.138429455026981,-0.414993539601479,-0.472661933253167,0.710623939319251
"b9SpMjNB",-0.279834729262009,0.125296545894566,-0.0635092068634053,-0.355250802004358,0.719474419354868
"bAFs37yy",-0.298939933546267,-0.082016655042501,-0.320534273699895,-0.475242743088518,0.950715733702496
"bDia1hHV",-0.140943259258588,-0.00510154597826405,-0.180276820061339,0.466631425472518,-0.627995822281452
"bFkv5Mtr",-0.279099501861226,0.0777149631871451,0.070285078664201,-0.0819505664105919,-0.108768117805582
"bHe2IXgA",-0.205660005970487,-0.202737547813983,-0.550457932972423,1.32841983881698,-0.839232326670258
"bWX3vUm5",-0.211587182778606,0.113013637040455,0.110935304126247,-0.0492977709317662,-0.122281988685155
"bat8tcGs",-0.165227409025105,-0.0600225913156853,-0.287027229828903,0.523748965283614,-0.859496263176335
"bfjej4wu",-0.216569847760862,0.0374320885780623,-0.200485383880275,-0.0723802337075528,-0.341361278377622
"bh04YDiP",-0.282048194828326,-0.147947295798009,-0.355679077526145,-0.240402852917593,-0.164278354299628
"c110Fdc8",-0.298939933546267,-0.0968309206939037,-0.352031580041988,-0.453270479615884,0.421849267716667
"c32GUzMa",-0.298129034980314,-0.0634435147222342,-0.0245639730852605,-0.42034637417313,0.472966094301222
"cT6uU0B0",-0.284747070134538,-0.0578702928369499,-0.269635765727868,-0.411634748077193,0.875593199849064
"cWXCiFwh",-0.276823033134903,-0.167137227996049,-0.247222371094006,-0.361154220050046,-0.422488267419393
"ceNvS3yd",-0.2682555831682,-0.154448061172313,-0.472134442930573,-0.0336652822627971,0.145373092510825
"cmwdt4Av",0.882658752818235,0.0668214851337893,1.3631518513889,0.459107695706672,-0.812620865804317
"cn4EHsup",-0.298161897342027,-0.143405556559173,-0.365785242010511,-0.158048878477102,0.0553614461386855
"crVOGGTT",-0.283109046812114,0.00129166416345865,0.187800005577092,-0.463982239160626,0.574347822386756
"csPEJ1E5",-0.231938354179078,0.208979806058938,0.115397518108694,0.124726052824322,0.431640105753196
"d0UrRtMk",-0.188691600107765,-0.042846761433685,0.16409778977867,-0.475870469680371,1.22987007402603
"d6LU4G4I",-0.280148741207599,0.131688267632383,-0.0649315591503508,-0.0636599873087737,0.190996744494696
"d74T1DVv",-0.234754560652797,-0.195686762284912,-0.568362927574784,0.520753447284303,-0.665776562351807
"dR6rM1tQ",-0.0312669705115218,-0.0944471624385991,-0.227630441279506,0.125482232840515,-0.74131345653645
"dUNxOoqg",-0.252282321347774,-0.120482737557997,-0.317878356006922,-0.063288035653363,-0.512979178160691
"dUnlyhj7",0.473535886555832,0.0557412334435418,0.881454133658807,-0.325308533513332,-0.0221522764656304
"dVDlnZQ6",-0.231919111252453,-0.0163001080385162,-0.215046278675849,0.243776677340423,-0.776641729897786
"dVT26GDu",-0.284313416447164,-0.0653998618841208,-0.0607570855079936,-0.46777643430837,0.405102094611075
"de43ycXY",0.106392513344315,0.153083035862198,0.494397756511178,-0.197344565603875,-0.388162725478024
"dfIn7m9z",-0.291025950588273,-0.147699309296229,-0.420786851916877,-0.195846653349201,-0.300669922521374
"dhmb9ZY9",1.68090421001311,0.30733429029711,1.47682541258764,1.3721337100661,-0.819706993231872
"dn8kCuyf",-0.233977715360797,-0.143823158060336,-0.264049135749072,-0.256493328904207,0.395448487432676
"dpcquvWW",-0.298939933546267,-0.143252506152179,-0.342285951725189,-0.4732316238385,0.320093404586027
"dqcbIMyr",-0.293683064679702,-0.0957873729794921,-0.0929044949817366,-0.429956590594051,0.456003755417421
"drWgsBf5",-0.0714965551232837,-0.143280269548852,-0.376655955219044,0.45179377518079,-0.802668037687188
"dytx0HSe",-0.298939933546267,-0.0827461414365828,-0.397037598523284,-0.475870469680371,1.20533360359215
"e4KkkIha",0.614758259241785,0.281827288654135,1.62554234713803,-0.0065166143554481,-0.686621853873581
"e9YorH4m",0.37112693902768,-0.103648129183712,0.833530023137661,-0.0834309506630961,0.212618552996352
"eB9gVQ0R",0.189954711887251,0.0741882134565153,0.426527481807163,-0.437968694292911,0.567000381524183
"eMhLFqU6",-0.26438999658262,-0.102020965737825,-0.151051815266754,-0.270726211865552,0.295759338710452
"eMllg1qm",-0.157420241641386,0.540715458194258,0.185534172355738,0.0433006018322164,-0.423124237030449
"eNPunZ9i",-0.216332906704272,-0.0420172484679449,-0.158696639863839,0.0500629234310018,0.275449154786744
"eS5BSM4J",-0.281475258614173,-0.0829420998114164,-0.00343192328312699,-0.466337228095546,0.968457623582903
"eVGMFoOI",-0.105160287669455,-0.137933993970306,0.142865102612181,-0.131646261639416,0.0284133827165968
"eaIwb3rG",-0.152127975603564,0.0753145444128571,0.345179269864942,-0.396875833430608,0.830530392664494
"eyzw8Vis",-0.266770981725332,0.0298827219492855,-0.11287912570933,-0.407590478118483,0.895414039288423
"f04Ke2bN",-0.298939933546267,-0.130508386065837,-0.358080152278148,-0.440724738140551,0.772935701318262
"f4GA0te1",-0.297980464173292,-0.12598789626422,-0.321501738611578,-0.472647782306001,0.422144365599733
"f7bd91h5",-0.2965065186198,-0.0265540737740517,0.125084762765339,-0.470607353385904,0.960205358396465
"fB7z9ndr",-0.283804972299036,0.00591203060102322,0.228644012604956,-0.454782737205684,0.738680779631704
"fEe7AWFA",0.285998691229614,0.227563408650311,-0.0851984190237259,0.869926203730677,-0.652608737139023
"fJJIbgY9",0.00341489451830561,0.604490753046497,0.614550980004823,-0.0541108592688776,-0.612274716397444
"fQBURMvg",-0.279611561883838,-0.0829290245470152,0.0183355906450754,-0.453549577249965,0.925563487551587
"fS0HpOub",-0.298939933546267,-0.0903540840323183,-0.3267832448732,-0.474945944488623,0.913402058465542
"fTDXauuk",-0.101796323464834,0.00748243181938924,0.232464662026602,-0.271090084437689,-0.743301713383629
"favPNA2N",-0.216056151247542,-0.0429395365190199,-0.109851661325411,-0.188801391056482,0.281738657199588
"g3Fv0U4k",-0.247591687698509,-0.142108011489494,-0.386847100422241,0.440255672037889,-0.484942075222586
"g5PKo2E2",-0.214211433230804,0.101272140994287,0.174483685919446,-0.0612051098365722,-0.387836201931834
"gbjnD5fe",-0.285203877245082,-0.0903925990271204,-0.325087646193582,-0.473149642148968,0.652593882835071
"ge9zqXCv",0.0149230227757373,-0.062606785412269,-0.261544644106758,1.07859545418634,-0.706933759631264
"geeqJpSE",-0.298939933546267,-0.0819922378535829,-0.324370289787666,-0.475720425464534,0.988721099956345
"gqy1J2RS",-0.119672365451176,0.142115824527601,0.116446967517928,-0.0642042888498486,-0.599467898729916
"grlUtS3H",-0.235788097361207,-0.122731502366113,-0.377208490411836,0.0169433569367473,-0.552082842271211
"gx965KYj",-0.219037698407399,-0.14810838338367,-0.354320233620327,0.463257537474806,-0.77695864569314
"h3F08Vjm",-0.298939933546267,-0.0436619134302948,0.0374318332941901,-0.474945944488623,0.954751309823246
"h6FQG8Iy",-0.183229206808322,0.0144784348863849,0.218972829694155,-0.453284082539431,0.659008066334077
"h7ftM8b3",0.913642916407751,0.390790276398253,1.53220385192516,0.156518103471303,-0.77690640282725
"hLrCHXZv",-0.184439860523463,0.537141826861018,0.0955825058462692,0.344654545415526,-0.34776588665533
"hQ6VBuFx",-0.132195637178634,0.0579008032597924,0.438015221592127,-0.441951441117165,0.600311877953195
"hYoR2y7w",-0.158357397095573,-0.0252314575745758,-0.314487583273319,0.671857348739465,-0.852528923924392
"hf65yZkM",-0.032039707373005,0.277287258748917,-0.0400234972835326,0.820466632818867,-0.81635037745395
"hjuwe1x4",-0.283830917827035,0.107980702469539,-0.0697848010306728,-0.0775591848170429,0.333640283063343
"hyINlsFR",-0.156430273466897,0.00873404914033819,-0.113084192996846,0.0375777764554297,-0.104105454959873
"i0Qlm9Bv",-0.298699522505817,-0.0596847854477105,-0.296461767535221,-0.455316162067238,0.729107214259383
"i1VxfxMb",-0.297491906781203,-0.0262563091645972,-0.256495279654457,-0.452431444877673,0.934003643363597
"i2l6jXNP",-0.266786488391826,-0.155824488674152,-0.424749164154722,-0.284611978462516,0.103267115212899
"i4FgPZv7",-0.288914835646241,0.111936117574457,0.152758594391129,-0.464317710730332,0.938950560247531
"i7XtIkSi",-0.26764857240147,-0.122604914723738,-0.199092547912974,-0.126013382198843,-0.532670817783645
"i9z346Ut",-0.249176585039987,-0.0678187030695329,-0.307714615116972,0.030594202155843,0.353246591229887
"iDOat4cZ",0.466225396079503,0.420231592895486,1.480386826737,0.0265145902895004,-0.713734179822211
"iNv6RoSO",-0.298939933546267,-0.102330842617141,-0.356001829406596,-0.439905939928814,0.792036168958237
"iSL9NYzy",2.45205803924463,0.11530093117748,1.69331146126633,1.9797770940035,-0.828147397463395
"iSqVc1r8",-0.0918672442916572,0.22565791188965,0.547685548707442,-0.102494670578594,-0.35092548740552
"iYZMftt6",-0.0774712518810142,-0.10937274056241,-0.170924943164266,0.610374515542617,-0.682781099281661
"ieTPaa3c",-0.298939933546267,-0.133075359024206,-0.415891436030478,-0.452386919848452,0.235078931655238
"if7BmzU0",-0.298939933546267,-0.0818337719320686,-0.280110934942394,-0.475870469680371,1.16623071625252
"ihNz5bmx",-0.297924107976073,-0.0896673065215274,-0.196299839696765,-0.464323419783297,-0.0469368745810456
"ikJXKdIN",-0.298939933546267,-0.120920525396108,-0.0959566719470649,-0.475270110858382,0.491896278981767
"iq2kxikN",-0.215237774814552,0.151449207276662,-0.0577294742666696,-0.0767826350669111,-0.2731074597146
"iuZEDJK7",-0.298939933546267,-0.0951841435803968,-0.37485438960719,-0.46578599676168,0.867143053838278
"iyF8gVT7",-0.294712147963122,0.0354373642749067,-0.0626098592135133,-0.409423957155123,0.791728997042494
"j06qdQ0V",-0.298939933546267,-0.149565296557317,-0.427406972072908,-0.459186271994405,0.0527115552581979
"j7hl8svO",-0.0272686043957932,0.207683766584982,-0.022296387503445,0.860501601377608,-0.839558050089564
"j8hMoJUN",-0.29822208709664,-0.153847671252337,-0.245854013833337,-0.474102037482552,-0.191830749446726
"jNaFasbV",-0.293675122240668,-0.175034479024554,-0.445886156580097,0.014837276358673,-0.48929241916887
"jVVHeYHT",-0.271244240441825,-0.0843312589741102,-0.0435945233355923,-0.350278282707628,0.201874583762459
"jXm4ySvK",-0.297024008743848,-0.0213110790548829,-0.139315161181862,-0.461121233484312,0.364187707262936
"juO5ii5l",-0.234181785295929,-0.0207267695323464,0.152880461292037,-0.323301447973565,0.148974311125295
"k2hdEBsU",-0.298939933546267,-0.0822766302799355,-0.184963128376799,-0.474778436397753,0.937714275157616
"k3ynMfhN",-0.230028703686578,0.0145243370207695,0.279301204542553,-0.441111355122018,0.0124968232927419
"k9C9yBtr",-0.200728244408908,0.564431203813569,0.0817725139473827,0.361167453681397,-0.256880069028181
"kAKRvcRo",-0.244809129949477,-0.149629421976759,-0.3939523685603,0.300753089280003,-0.726923513880131
"kBi3R2oC",-0.230515237010748,-0.147143090838879,-0.165766391456051,-0.294102564934656,-0.503265485793573
"kDWmnsXe",-0.227627915865531,0.179593842599373,0.0205822731251232,-0.0152788189311963,0.514352765815026
"kSGBd2Vh",-0.298939933546267,-0.0953014751647968,-0.322082856058484,-0.475213149580466,1.03130656346923
"kT0miHPT",-0.298939933546267,-0.098207167123957,-0.416279777329415,-0.454483999325648,0.680405566214451
"kaW0TfRn",-0.214724556198629,-0.146988918413805,-0.3934874671565,-0.433503596618898,-0.0435585824278975
"kmg3SowO",-0.286443372557987,-0.162377895451646,-0.505760372074707,-0.0204424293665266,-0.00183327321020028
"kpxKSlnF",0.694156259868758,0.0951239554783935,0.91583592339953,0.4873967624279,-0.553609815696844
"ku2cn1MV",-0.0330310145907397,-0.0264128593542116,1.0019914768068,0.238052072812731,-0.522163556513168
"l1su5HU9",-0.290513850340551,-0.0593766019931642,-0.0565061345889289,-0.446721549725204,0.0263561135916963
"l8Tg2RvD",-0.271020249705829,0.0480716000183505,0.110507776344081,-0.120789488213017,-0.0247738625748312
"lB6NsVOc",-0.233267652917436,0.108496791141946,-0.284732498713278,-0.404611856778105,0.950189771879394
"lEcdVyKk",-0.296815551842406,-0.0551436665158984,0.0471802177545337,-0.473975321705487,1.07149880338345
"lH4TasGl",-0.147128838757469,-0.125054801869985,0.0742464648777478,-0.319223218865561,-0.723373027604609
"lO9aggHW",-0.28298733849169,0.136869695468032,-0.00469657823287591,-0.0627857860238971,0.152779544401265
"lW3m9Vzu",-0.262067982591601,-0.161405146335509,-0.33986233346787,-0.127335737164153,-0.561483035545456
"lYLseGDP",0.628555899589927,-0.181694231290822,0.63112173593519,0.101830636237228,0.231669010892658
"lcOnCdZi",-0.248112743979027,-0.051156859794743,0.148051503321767,-0.459085016212276,-0.516516222777552
"le9YGwON",-0.172860920568014,0.125716290532137,-0.140993993957348,-0.100654742756284,-0.296090877561734
"llMvu3TX",0.999947162770576,0.0226180037530241,1.08514360476771,-0.119613357291426,-0.285139715929563
"lnHh2jFO",-0.139168544675775,0.023162684686378,0.54077254637455,-0.373945038900587,-0.402431917107348
"m07CVXd4",-0.296815551842406,-0.00274876644703488,0.134629527893191,-0.473573600961612,0.884786127922298
"m1lPk91z",-0.296384928964513,0.0717179417938239,0.156520503386073,-0.465207235188846,0.842137525986471
"m9IQdmwa",-0.298939933546267,-0.0988095987535196,-0.389874629899613,-0.473074721866632,0.811599589537587
"mG9BRy5x",-0.260231353646486,0.161091617849439,0.00898766218842921,-0.0436152749580857,0.394797493595718
"mVHXnama",-0.237046129671982,-0.0585317107136712,-0.111985031817106,-0.322479248781345,0.294518867126507
"mXyrR6nU",-0.298824952218327,-0.143968594270956,-0.3245955916869,-0.46947577517468,0.488180363704881
"mbzNdxNc",-0.295224434409217,-0.145387832137921,-0.371222923212493,-0.0850141281921035,-0.340532304580597
"mntH7g3L",-0.15106089241922,0.164303061748572,0.529411710057987,-0.320298486628584,-0.351841219801333
"msRTXP3H",-0.293525743265334,-0.120052710279143,-0.220194780044676,-0.43957722918055,0.37166746758295
"mxBjvIPR",-0.298939933546267,-0.14350188126386,-0.337283506373624,-0.474624838160003,0.366885131062048
"n8Opmfbz",0.122965449509161,0.0238297348597534,0.571085601523816,0.45800927331512,-0.609638400419011
"nOkgU29Q",-0.222050793757704,0.0896266730218781,-0.0910272537465929,0.0314378088723531,-0.146633963506427
"nhttf7VM",-0.246154481663474,0.287648078491451,0.317552689079933,-0.0579878467327526,-0.372027458194862
"njLbXYa3",-0.285626622252577,-0.162117909730821,-0.367944456376865,-0.35635205082,-0.453277262154073
"nwkIpzmh",-0.194775193533478,0.246012718208896,0.224592127681053,0.00875240730612057,-0.555531825048755
"nzB1R9Zg",-0.144923257075719,-0.0587342427489246,0.0899703474317843,-0.268431621138548,-0.520672180646237
"o1rZRI84",-0.243277791659865,-0.0934692727823173,-0.386058441217158,0.108043153263522,-0.306012717566633
"o7q5Mbty",-0.091111060563471,-0.0284664302912808,-0.133088576413709,0.133326492036232,-0.648657850101883
"oCBvysqB",-0.278990247740201,-0.159350825370469,-0.270547819187149,-0.361041870665943,-0.437551610399369
"oDmycTPH",-0.298939933546267,-0.144987514576875,-0.376272386171434,-0.469253826951168,0.929493730121971
"oFAXZvQv",-0.285777495667875,-0.0493737202802219,-0.22462930121284,-0.253742546563263,0.299647296796965
"oHE3M1zX",-0.26858351451904,-0.112264070706082,-0.354464694515621,-0.139346229203832,-0.159955106859617
"oMhVmSpV",-0.29816324532611,-0.15478202833738,-0.262082897763323,-0.470139878829632,0.147612934114568
"oNsDqVbi",-0.121000319755667,0.450668224652216,0.719200643162491,-0.0828975576705024,-0.430112002264999
"oYAJqQk8",-0.298700678550763,-0.121292250269435,-0.104022819076966,-0.475897837450236,0.354773372522518
"ob5Kb6dW",-0.284695591301416,-0.0812074703105382,0.0108392575086192,-0.472733126453264,1.11724710128079
"obnzqs79",-0.137277330174847,0.00277090974279489,-0.0492938986134435,-0.464928292750981,0.449250371263511
"oncLcgRP",-0.265241854540667,-0.158913366193205,-0.429174141343847,-0.212002762400837,0.0718037093303611
"ooWVYaAe",-0.245872031252172,0.0874075928605442,-0.24259001206004,0.405054142614728,-0.719244557575561
"osdyOUnV",-0.252734768251638,0.00302316207575549,-0.121561313621158,0.109026449635892,0.336193597901217
"p7H9CzCv",-0.230413478888865,0.163442338469973,-0.0975262849839355,0.153703132578488,-0.162987512055488
"p7U9hVhY",-0.298939933546267,-0.0826067149333597,-0.105518675039497,-0.471382828942763,0.922637629218532
"pE6Cf1RV",-0.295609634252864,0.0134230968099796,0.0583370221493034,-0.457133674412995,0.426499908466923
"pI7qzotI",-0.218733701051028,0.134341975647619,0.108863172227415,-0.0779861415968489,-0.11552511542157
"pJrIA4sk",-0.296180941289564,-0.161069214401199,-0.30934236881539,-0.473834359231131,-0.134888216752755
"pXne2CLZ",-0.190011293481642,-0.137104292957624,-0.462552794267242,1.18271516336725,-0.80810809947522
"pZMcDIOS",-0.298939933546267,-0.109525675279077,-0.408978805748199,-0.472661933253167,0.746635708881426
"pavfp3cc",-0.195095507512917,0.274879475971747,0.0231051527170477,-0.00165509285991436,-0.31949307126133
"pbQdC5L3",-0.26896191156055,0.0861472947992035,0.00647230223163734,-0.0943423777253199,0.607081551392502
"pgj7aAFP",-0.157143481072189,-0.129170075187259,-0.351295195377014,-0.438257583345374,0.472616352513642
"pxg8G3ed",-0.0266077809644209,-0.0161945213397456,-0.0534961034721118,-0.0080037072192691,0.238866631433036
"q36Npk6l",-0.298939933546267,-0.144682645899358,-0.375767285071788,-0.455222071884622,0.42020992356446
"q4aDOVvq",-0.190394788536498,0.18814996648113,-0.0178050564233992,0.0702060848872705,-0.705539970297344
"qGmfR9CN",-0.241509963663352,-0.0763595833280314,-0.299865736312945,0.150602053572679,-0.446178250666929
"qJ51ODpA",-0.268999654778886,-0.177335212277868,-0.526170114809347,0.0184461841681729,-0.174588590233162
"qQX3cs3I",-0.238551882214699,0.265512750271488,0.303354344573613,-0.0864680750266164,-0.42860206760244
"qXeIxPb8",-0.298939933546267,-0.0790529399882881,-0.340995406030938,-0.452205781103397,0.896793283516025
"qYQ4MShM",-0.167979461395992,0.611057864099229,0.0247655353616715,0.449986267178046,-0.686367222867927
"qa0etnhK",0.191622109683175,0.104619477373467,0.0346467733368677,0.301139311292071,-0.517863054258551
"qbL4sboq",-0.253474857100639,0.0146394443722735,-0.0609322721033517,-0.119720020511063,-0.137069516647043
"qbYrsWHq",0.00605650192047641,0.0846121392361088,0.655079402026827,-0.207656188764332,-0.321390030526291
"r1zmcUqQ",-0.164396035217509,-0.0106769966313901,0.130120364102521,-0.271978207393698,-0.597734673109235
"r54iHeQC",-0.298939933546267,-0.0823698427697054,-0.272513716547035,-0.47182186793567,1.11855415775396
"r6xrAnQV",2.58440809008185,0.0223698277906391,1.04926305471893,-0.281440306630763,-0.354515070331326
"r9HxnQDg",-0.28641790691165,0.21593153909887,-0.0850653604725253,-0.429973799902605,0.228352872533383
"rG8Puuf9",0.707245264084873,0.00758655083487681,1.02728965241439,0.14302105168836,-0.722332730482023
"rGuiefuR",-0.275353571989533,-0.169737259480428,-0.407187051193777,-0.0398179112100234,-0.573660455376988
"rJ19OhGP",-0.188500076067839,-0.0813230366903843,0.0191235352121927,-0.46846018350177,1.14916940937631
"rOCYepHd",-0.191105201999645,-0.111097343935577,0.0530824856351315,-0.0760066030015574,-0.399291661152432
"rQJaOPFI",-0.220777840763125,0.178725286163237,0.0320856151655461,-0.0299785760858811,0.522273046254882
"rQhZtZeh",-0.297282557492573,0.0518829679795888,-0.07533454359564,-0.454385980234076,0.213384496461731
"rapmok0w",-0.290681219311852,-0.143007254230998,-0.360400803025169,-0.195575520056963,-0.122740115190381
"rgzfnPVu",-0.254531154369531,0.0929258078410957,0.007179350271566,-0.102715620050633,-0.318995420453746
"ri4qhb1S",-0.276657957655562,-0.158202183717347,-0.192832271247834,-0.438654917397909,-0.26433701845164
"rqpFYzff",-0.279632599102627,0.0913992712066573,-0.0415312384610452,-0.054590753592021,0.422344988573647
"rrs22coX",-0.298939933546267,-0.0450570423596877,-0.0598769080899855,-0.452898247960671,1.01709268728085
"sEeUCQLc",-0.298699522505817,-0.0905246489757218,-0.36731859692521,-0.454924960028969,0.818853281865814
"sHScwqQl",-0.298699522505817,-0.0291751869391913,-0.132746228724068,-0.452188122352446,0.90278207349266
"sNC7DiAt",-0.278492991096617,0.148369210158075,0.153522625613975,-0.0604277159928987,0.830198107760241
"sNK2TSs3",-0.296223737870873,-0.0573703527464071,0.140138937627567,-0.439309455521133,0.961552156148954
"sO7Su6uw",-0.297318761955049,-0.093898715583311,-0.153825926425702,-0.19765598395807,0.170565480815615
"sOWZx89o",-0.298350270150895,-0.0861870021967287,-0.347520823260687,-0.434672340477246,0.889350373055258
"sPbRcPjC",-0.168898651798717,-0.0764876419648882,-0.186005211952162,-0.127231668623421,-0.492282419940828
"scVUfTKI",-0.178087658496791,1.42232790903481,0.29296185268903,0.346728609790483,-0.643230398723159
"seRaGeVv",-0.274200632900031,-0.136466513299251,-0.205785706656627,-0.36973788050345,0.0543129570449788
"sgtwiYWi",-0.250957816417894,-0.188958968452985,-0.499221606215476,-0.0312254499868921,-0.18562386018836
"sjmLHcT6",-0.284963908593945,0.0944342404972601,-0.0359493188053162,-0.45319113977006,0.644468563261474
"skZUZZGS",-0.266757039822728,0.114183895056472,0.020702598564518,-0.029423777959894,0.481500735584442
"suAmzADX",0.64730016244559,0.00892660760724756,-0.361404027131853,2.02833525950336,-0.866131929812663
"t4GWLqlO",0.651313255807098,0.0244301622795862,0.912242125081713,-0.257783019797353,-0.443876511758687
"t7gy6Jyy",-0.221625751231115,-0.13285087120529,-0.0089182991504275,-0.342614563456891,-0.415459452800778
"tBadzH60",0.887210136536477,0.410839892511675,1.09951413557805,0.0709788805216617,-0.619299720155947
"tXUWm0hp",-0.255315478578673,-0.143361281944158,-0.287767252978772,-0.0079462605218418,-0.321630633873696
"te6UPPxf",-0.262643092065217,-0.154572112294045,-0.284359173352907,-0.332693137082148,-0.402268223495644
"ti2lamkL",-0.154289386174105,-0.104871995125295,-0.0325837677040816,0.0488442762979544,-0.536308374076848
"tr0lpwuU",-0.0692492555520356,0.0467579757063322,-0.213017210442277,2.17431127550746,-0.863134317659174
"ttdB5C73",-0.247761487064379,-0.154076054639889,-0.291311929445694,-0.332801721012433,-0.209933781147462
"twS8YZu9",-0.270052505463376,-0.152051814614583,-0.413287705607121,-0.368517042412426,0.135511415971265
"tx68W34H",-0.287853278484574,-0.1892196042649,-0.458514154901776,0.120667629910435,-0.524325692839271
"tyQSX4mY",-0.248879715659555,-0.127261359642368,-0.0231582599521835,-0.392558296914439,0.0993802128696781
"tylKCRc0",-0.298939933546267,-0.134080885200213,-0.400099103202642,-0.453965229728063,0.585649641280379
"u1544WUo",-0.236813247737414,-0.159092279118475,-0.300196608288901,-0.18718924446691,-0.0145144933188994
"uAw9an0d",-0.085875242960871,0.240860625539563,-0.057817798846343,0.193160786955655,-0.420583407147773
"uLZAEXMG",1.0463512428324,0.130995320200783,1.6594104088206,0.233864575550804,-0.807752350528878
"uMwe1s7I",-0.191477169733839,0.0864365476221872,-0.360918320835111,0.962559435931187,-0.694500213018292
"ufhGeV3q",-0.283077720582926,0.0550816311558696,-0.09225230519532,-0.0856085291105822,0.439282662177246
"uhAeGBHo",-0.227606603434206,0.188315517683547,-0.129380322627457,0.174224906446725,-0.265516446596723
"ujHNlqpw",0.441464048423959,1.10321806946704,1.36687307561143,0.54419938636575,-0.716713781204409
"ulV6kuhB",-0.298939933546267,-0.0826857319857978,-0.322024047142258,-0.453246141860556,0.990155084299653
"uohEnNEK",-0.234402878576899,-0.174435046951291,-0.461699702507216,0.299523743917021,-0.663950871315602
"v1lhA8I4",-0.295626806628044,-0.0392177339666361,-0.139945920513732,-0.439022788583643,1.04834219758864
"v3JzigLI",-0.0450271922730472,-0.0301306819140881,-0.0362987131566181,-0.466990505854123,0.453601860707629
"v5IwjyIg",-0.081317616073244,-0.0945460525656505,-0.421813228804722,0.155496830611679,-0.729453750627106
"v6lp5TK1",-0.298244857842779,-0.00672558256514419,-0.0852620716985507,-0.474286703785263,0.891501676411431
"v8vOaaWq",-0.270603618913006,-0.147093617775076,-0.430756572421532,-0.0828114215220398,0.500591696427778
"vAYKtoil",-0.168762156276338,-0.0381732849153327,-0.368437436726351,0.511431390859591,-0.853439094151822
"vGTNQa6G",1.56274899393872,0.217847351229725,1.51359233845827,0.853934398114676,-0.601056620480454
"vQzNxHoL",-0.225609394019375,-0.00178831005840426,-0.231324812965371,-0.314283361876875,-0.450864043899445
"vfZGBUJm",-0.294332322749063,-0.15310525962316,-0.247683165163836,-0.467903698490461,-0.275458593699416
"vlooVUoT",-0.220488726996646,0.185067215850369,-0.00745659756191608,-0.0691010341167073,0.263139627007973
"vrACvd4O",-0.256661443211871,-0.15107911756857,-0.33780514590187,-0.303448224256718,-0.51374936903546
"w8hdjLwb",-0.259687018063563,-0.0815261735723018,-0.156287589838987,-0.452122764152466,0.533217966302871
"wAntv4gH",-0.22948439427092,0.0728400753413348,0.588348763919407,-0.450224345733797,-0.161679046866512
"wIUL09q0",-0.292267315534245,-0.120046562438538,-0.111046608415542,-0.473275536291593,0.384109815241528
"wOzx7Fgz",-0.298612652262972,-0.156740056031458,-0.268158172078953,-0.470852491501537,-0.0412351473937986
"wPhjhCJQ",-0.183008838796305,-0.082203632929846,0.0179855374645841,-0.47240870591996,1.21419637510801
"wQSWWmYB",-0.283367846962293,-0.1567593210319,-0.286238819499843,-0.452888939357179,-0.0696882219513444
"wdIMrXwy",0.565848465358611,0.393575817237195,1.07218071391215,-0.101354858399493,-0.386322707057891
"wiL9npQc",-0.298939933546267,-0.0467708876153652,-0.179295596691291,-0.475224399011376,0.898552519867499
"wnU95Cxn",0.88104499871147,0.562058797785542,1.59883445070925,-0.0371532725446441,-0.682406118868426
"wpJbbjJs",-0.232932539050459,0.389091908026241,0.322196245529058,-0.0590773466400021,-0.524122427203757
"wsOWTAbI",0.0871987870332795,-0.119743367146344,0.0397918210765585,0.332623146302892,-0.585245010525364
"wtdBcU3U",-0.269631968781766,-0.153101067649324,-0.227447808366153,-0.47424696697354,0.181646935230084
"wuKXVxOc",-0.266420017977476,-0.103816289247023,-0.232084576836419,-0.186851793139122,0.320126786777897
"wyzadAt8",-0.296902775084486,-0.0416600687122278,-0.373891657965344,-0.45286354634572,1.1073254800192
"wzaKzYwi",-0.297469494909693,-0.0593170583670795,0.084639551896697,-0.475897837450236,0.496012802386196
"x6GCk4EV",-0.298939933546267,-0.0936310434988884,-0.327500373423899,-0.465675222160803,0.98937270700719
"x6lUi3vf",-0.122125264191589,-0.071270685087066,-0.223451116050424,0.642523908073418,-0.842327309775781
"x8mwDHv9",-0.298939933546267,-0.105073543757632,-0.267777163666852,-0.471508237201912,0.451894409581741
"xIYm6puH",-0.0297532794531655,0.735303817218673,0.140198941152348,0.271897808423791,-0.817857572063223
"xO6UdpsK",-0.0570380321865549,0.30549541218649,0.108604150191709,0.0691199869749418,-0.730725252404385
"xQ2bkOvj",-0.203923320713545,-0.135135633900292,-0.426006467616407,0.497771717725428,-0.682551738682468
"xeXyDCEQ",1.34063927656507,0.0478049271373314,1.47352525401821,1.0916395793408,-0.857052001836094
"xrggHziO",-0.253827033507041,-0.138223314957331,-0.137595598974191,-0.317239798357812,-0.396660566670569
"y1WMCmqQ",-0.292723358635187,-0.146691750896313,-0.320895097056089,-0.35153454043777,0.237064854170214
"yDngezhM",-0.273250018039867,-0.142580996211352,-0.229939361816684,-0.473886169790094,0.129402009965411
"yLiFjMD0",-0.284314095300908,0.012476714191437,0.152695818207821,-0.465699202699472,0.550921271094678
"ySwEBO7w",-0.233760220058845,-0.0148472090584351,-0.241766880387849,-0.10730465533672,-0.283343030644737
"ydC9UsSm",-0.267937736442634,-0.168899555971025,-0.476350547583313,0.0451318493976713,0.537600179346382
"ydEG4VBd",-0.243065369925774,-0.148498588621227,-0.327467883160277,-0.248724541229926,0.110391421998884
"yf76yWXc",-0.221576127266257,0.421458785317174,0.515693745756405,-0.0996359875222066,-0.523580979993302
"yg70e63n",-0.256332578992532,-0.129324449084161,-0.17964431870248,-0.0725941682902142,-0.543118026164483
"ywxtlSKv",-0.118581971818082,-0.183068564623534,-0.490748650192991,0.156886933948317,-0.2536382449932
"yzKPQPOR",-0.174494461740726,0.154172082355318,-0.292858584123008,1.29840857338929,-0.69632048420429
"z5cnOnZ1",-0.288050646252615,-0.159235233899069,-0.334382212610071,-0.315771435623444,-0.489814483306631
"zFLkOE0e",-0.178874016757498,0.782518531825854,0.0901602053789485,0.262761164811968,-0.527063317932832
"zGi72mxL",-0.106474826680416,-0.116230597559052,-0.205125173174595,0.642754519232719,-0.65921348985153
"zN925UV3",-0.220202189371337,0.0491615487079956,-0.209159703342384,-0.0692196723380838,-0.351385179561749
"zTy2ih7e",-0.280151949768107,-0.145680476383927,-0.298336588638043,-0.435150703216808,0.446188705307648
"zVFzAutw",-0.226561381246964,-0.0769724308105304,-0.0760323012885702,-0.44120887755642,0.380690501267451
"zYxNAkht",-0.295577781988558,-0.117403816320391,-0.107444395843385,-0.471106986059883,0.610397972520457
"zaWDBai3",-0.244854991904957,0.158943777829375,0.0395096541271054,-0.0819691406476392,0.640472594456883
"zg3u0Zsx",-0.270437168889739,-0.0493850014453996,-0.15542000331267,-0.342999643907628,-0.213633490918016
"zlwLfdsS",-0.139365143503156,-0.0700171800378265,-0.279027087379459,1.22342041933042,-0.702722892904488
"zmbKzVfl",-0.296496358554026,-0.0732981869062229,-0.142430672822698,-0.185876150036696,0.201886664953301
