PIDN,Ca,P,pH,SOC,Sand
09gt9UK5,-0.5438445751415357,0.30340937527857764,-1.3520845713944516,-0.5743975262892769,1.8965090490521133
0BVvxJ6a,0.6042311828828819,0.8175442081741962,0.9093882874391681,0.12798903286227814,-1.4229629913026527
0KbdgApg,-0.12880118129176388,-0.6790364534323217,0.24665291031969638,0.37398764536216467,-1.0135806554820175
0MnuuduB,-0.18945798743628306,-0.2152550677802771,-0.009549488278820517,0.6657852342965647,-1.1327583452782746
0PcIsF9z,-0.57003690643271,0.36712561918264736,-1.4274891569018784,0.27599999077936643,-0.18084978953775388
0ShTFLYJ,-0.3851463510165476,-0.4503501127179576,-0.6587990692664489,-0.7873618421877171,0.6517003335664755
0XZh9jka,-0.1236593730859501,-4.323929449746798,-1.598436769469502,1.081233531943579,-0.671700134563548
0Y7Wegri,-0.6144833376955721,1.8982662462926119,0.2940957259647321,-0.14939965643612418,-0.14660487828918334
0dTqplIM,0.19084171061567257,0.5072908058045773,0.6164959896393973,0.5283383949346443,-1.274927296995455
0lNiZicC,-0.7770335255349237,-0.17278893686789737,-1.5223575731942203,-0.4815308393151603,0.5397593612521394
0rGeJ0QN,-0.7224772700086478,0.21145513700695534,-0.6068157497438911,0.08234480380794507,-0.24560548478463962
0sXI9ytQ,-0.5641049945356971,0.15500894505841628,0.12585126646740896,-0.5976627625021247,1.7749158831037264
0ukt4aP6,0.7091770673983195,0.677370673101038,1.7115979870719338,-0.7425617760691869,0.4461192574151831
1AGspb8f,-0.22695825482541954,-0.9564525419181853,-1.3775490794029717,-0.18621674613450434,-1.090027433217818
1Csy0gvE,-0.4296701139184391,0.32728786526130477,-0.22432410168531658,-0.5366823486578909,0.8551359976371296
1Ic2hly1,-0.5339326677585226,0.3427586725042418,-0.2829089411141821,-0.15006351409326024,0.7697435995648125
1PPbaTwt,-0.3797931038973641,1.7826636576330295,-0.8886214998492339,-0.3182735911442638,1.6262442939303356
1SO5VJNy,-0.28440112438463716,-0.09339959798798575,0.21279786955990843,-0.2799846071832386,0.45040034856879774
1arHxK3Y,0.7075650017125314,0.36399801768344303,1.6756901372408963,0.42458237638469676,-0.2586170361900433
1fCW4Bba,-0.6113982079071341,1.2496885575914167,-0.8454896548599178,-0.604079421456285,1.1583442211989885
1qDZNvIm,-0.6024373670542363,0.17381386005093563,0.3438646454339702,-0.6467264360124885,1.0574289499592042
28LYJC2V,-0.26366653938323614,-0.6331281286194226,-1.1634110265577668,0.7232163906336893,-0.791993655071008
2CzACvQq,0.527403791358777,0.41109651695682664,2.100239686358,-0.3629312118414978,-0.5159094671169477
2FT3crfv,-0.15086527947815764,-0.9203709910815128,0.6111593658123129,-0.0004647297547106799,-0.7633772030228905
2Fy2uHVg,-0.375952574233945,0.4057866017517571,-0.7947805651769262,-0.5841087065992503,-0.7426652316843916
2MkMEApm,-0.5077304220399261,1.497143630986036,-0.2314023882892542,-0.543992598155612,1.6153791261517092
2NDGWEOe,0.8119233894870643,-0.22336322761652444,1.9881108393020759,-0.9468000244684749,-0.1856710255144549
2NyyCiqn,-0.28447489153770666,0.16356986570349658,0.28095553082034797,-0.3705930428383031,0.4258265892670057
2QRzIb84,0.2633688469485902,1.1607300179156017,1.9732895055701152,-0.5264258653403608,0.3100375908661859
2QcbdrUZ,-0.5455352720214488,-0.47096211846753605,-0.19319161058855494,-0.32253745227293074,0.48572614735784714
2YgAimWK,-0.4500522482195871,1.0196846909669823,-0.17707758210192925,-0.5213986668223529,1.3241937745028622
2cx85d9H,-0.09854338416298436,-0.19928257409421296,0.27468479769120147,0.5306106681780083,-1.3548003924349998
2homMXMV,-0.5013993171631175,0.37313521577111103,-1.4278367932749345,0.3992489009976645,0.7809924205144219
2ldLrUtq,-0.4325201607095235,0.49834865867723216,-0.3516846125218491,-0.44505932578869345,0.21327197070585702
2nsACW6G,-0.19389785147750327,-1.0116028041724323,-1.902965363222415,1.4775535382686584,-0.7127853721541613
2yMbVnWc,-0.5760101953773941,-0.11078637160205734,-1.8354106029507646,2.838422598459127,0.67474679602163
36r8sgGQ,-0.3840223170273209,-0.34836154671650527,-0.12678955364403266,-0.4956398551799701,0.6027420374812924
3NXAXCl3,-0.7234671964215056,-3.2893397732151546,-0.8615219473245903,0.19430805013382546,-0.7025002172789871
3QG0z6fl,-0.5947010086594583,1.143323147218288,-1.7174401940037762,-0.40412063112995167,1.630449110654087
3WS8R9qm,0.1819490613698047,-4.729578575669037,-1.5006485037071855,2.518679229391478,-0.44976503280661473
3fRLm8f5,-0.23023979284944396,-0.0780049665093025,-0.06098023817801379,0.11343471069479616,0.4744094599496589
3mZhp1nQ,-0.6923589938315362,-0.6283701154450945,-0.2344769420101549,-0.6345221211947525,0.7334644358669178
3pikJXRL,-0.49132397159377694,-1.5756204466691244,-1.6811728427637973,0.919324358228912,-0.7093960722707584
3pxOEGHL,-0.38668388131027776,-0.6340921124550156,-0.4968581377225674,-0.6092026973108915,0.7379069249828489
3ttdV3f5,-0.6260151544164128,2.1207229978217863,-0.3961911990211977,-0.11590041015755781,-0.8112743029015002
3v4X6Mfe,1.244498971069998,-0.08765262982473015,1.9165048616959026,-0.7829672648391948,0.27095019793216735
3wORuPiv,-0.618202824854255,-0.09299358003742214,-0.7929888807667724,-0.18368171280631684,-0.4081953361395636
43EfrxZj,0.1757381404399847,0.8615655501617605,-0.6437255720440047,0.15833293880496146,-0.35555286454083235
457Vwm21,0.04029628066508151,1.5727851324644686,0.060411823240959395,0.6963871087539477,-0.9990950693587239
46KNnOdx,-0.36626171674990216,0.1300106652267659,-0.9559743362327955,-0.0525994931956657,-0.4796732238851178
47TwNsVC,-0.3662430524213627,-2.097215508936092,-1.6413877008255227,1.6862904504121818,-0.6377705845248245
49856RpO,-0.3286614726016909,-0.44056756808509573,-0.3587076500062929,-0.767687967313738,-0.7704983188285908
4Ane1o2N,-0.24485235541495265,0.12480580783624201,-0.36249488033137234,-0.43423314486462994,0.3562112125787398
4AyVUgSc,-0.53026846002826,-0.7135243496435411,-0.5442544735249917,-0.5321520111700186,0.43873859293943385
4B1951On,-0.29029173067176295,0.5199807570648993,-0.17382515611023153,-0.28677310945011447,1.0921630741156345
4OL39Teo,0.04727392786283269,0.7746480336602091,-0.3696015045003407,0.24112637380148838,0.1066308493185486
4eQ90eLY,-0.009730474515263987,1.2615428179747028,-0.39577317395350087,0.5896252185189272,0.1669744973234073
4o5jwMj8,-0.36891934038255825,-0.831990019063009,-0.6392845787983268,-0.6637750172470613,0.20874699334429803
4vPgpl2c,-0.3772831468268232,0.023364768280035364,-0.2518687784233753,-0.8934707332662319,0.5376027750314905
51r9aA0d,-0.4814596131293518,-0.2936404558349392,-0.26096511094305463,-0.4299227718721017,0.31774550577561533
58SmeRoP,-0.4187155144089799,0.5484185797412506,0.06883560474957306,-0.14168086180638606,-0.3436511297302265
5HJp1AXn,-0.3193763564139802,-0.768374295886878,-0.5419585943614373,0.645185463197268,-0.17278901985736028
5MBZW7fx,-0.16436064092598346,-0.43513960757235787,0.8376067222132011,-0.5494649849598461,0.3607576633703824
5Nq3gHaP,0.20750226834733732,1.5431544523217389,-0.07931581667499965,0.6690659002680173,0.40531231131184375
5RmwFFK3,0.5540055496713643,2.039303415346585,-0.3323789058690527,-0.29201437455720747,-1.0142414988446034
5Tu5Jbov,-0.3737568915247651,-0.15344305654053753,-0.6138696954221012,-0.24570039576579727,-0.49914194732118644
5YEolkev,-0.29044037870788597,-0.0951262199762099,-0.3520285901391895,-0.39500269244734554,-0.09743354764419432
5a8sf6QV,-0.09311891921358695,-0.2980267764541746,0.6877842513109773,0.07559488074838505,-0.8328626438740423
5eSvmqYm,-0.35553472080582227,0.7187616620893655,-0.3329043958225393,-0.5751663623084289,-0.7731330340374083
5hkN8fiv,-0.382908669470407,0.041888431533407655,-0.9597861956955496,1.2066532279189075,-0.4215656210866887
5oK8Gti5,-0.5101268879227203,0.053546494065722705,-0.8207504780987287,-0.6500846634882453,1.8742568130619552
5paniGaU,-0.6330891582481446,-1.2773588931645532,-0.5903240068778914,-0.8035353303762993,1.6299472743514445
5vsr7ZUP,0.39608061922630977,-0.1818850519456336,1.191508548535421,-0.46741917023882174,-1.1183292387301538
60B4xMWI,-0.5187614992264179,0.5344673261187893,0.7186844060908382,-0.6945517656525317,0.7465250109257588
64jOUtKy,0.3835782582103735,1.4097399060613747,-0.34916961696137716,2.321028650875067,-1.0223838698554777
6AJo4xNG,-0.6309546963958601,-0.048734256715612545,-0.40206292659279663,0.21911411759897925,0.45421657430426166
6CAvhEte,-0.37868245289122315,0.81634173695206,-1.2657330652447143,-0.212103956944256,1.5623513034305139
6CuGYjT5,2.6268645813917413,0.3873062281974751,1.6710822109528565,0.5421337896313743,-1.0357278755788604
6DGH8ujZ,-0.36460765951213736,-0.2631902606375573,-1.0228324385008383,0.4833080088108417,-0.2841164811126202
6PzsGdVm,-0.2439435525132848,0.13117987227290345,-0.24789709797980763,0.6366426610717133,-0.31672246840297524
6UcSJMbq,-0.5327614810768448,1.1527040782353988,0.81118770364857,-0.9279238889203287,0.32442555314372234
6WJbkH8U,1.1872474770816368,-0.06581929056585051,1.7554747011004392,-0.09598582395080779,-1.1571172264093057
6eUWsVzw,0.4973145714474805,0.9891402214894331,1.308900333968629,-0.5937498568394615,-1.3117422353016803
6gNyO7Do,0.0008091137249255365,-0.1930429750595059,0.2268724383784031,0.8236965846046291,-1.3071578784450277
6jT0AyHe,0.13304870772923771,-0.35949638350571406,0.8843806182255964,0.37531680524169353,-1.3063727571111612
6nBgCvWu,-0.6465536430968917,-1.0975613362912664,-0.5610393172439909,-0.2705802979631846,1.1004108875288063
6ro5mqg6,-0.13012571357341607,0.4463433186126216,0.06491502579343433,-0.5768611932507706,0.44559869168769906
6sGqObX4,-0.6937507810491453,0.005521458382951316,-0.614908967878961,-0.8122448842095138,-0.7671957292925591
6uEGy0n4,1.9405379917173036,-0.44159879156285403,2.3117168876060834,-0.7445708862229372,-0.5904622971369757
7BZ4LxP8,-0.05191583759181184,0.23064132958588274,-0.007791802518847701,-0.35634331061514146,-0.41749161764862985
7CmigXKi,-0.4300927419067556,0.08262776213654127,-1.3272427862829235,-0.40991359364800184,1.432701577360535
7Ga0LpfR,0.31586922118310556,1.935246290278503,-1.0713721848744935,2.0651955333958885,-0.5036810698189147
7PQsFvsG,-0.44574553475802503,-0.002902954000721436,-1.4622096412972023,1.3309689845454726,-0.20273286884307207
7aF7nnwn,-0.7524068964780659,-0.6784491478653549,-0.8745880510733233,-0.600165406175722,0.9615926174199192
7asGzfX9,-0.09160016768821955,0.014225153508072907,-0.6079189549051132,-0.42041726313579675,0.3689061797742852
7cg7C92o,-0.41852641638889887,2.0115923636520443,0.05106963460152181,1.0725301326302623,0.4622305794097026
7eOxTpsB,-0.4132671855572183,0.40299717004853647,0.32462997820189643,-0.8578845775896689,1.1041664709046446
7ey0v7ma,-0.590312736230077,-3.1224225414357023,-0.5735000712410667,-0.027680369523567894,-0.9821929356200665
7gocyrYl,-0.27693375235303674,-0.4251577964028496,-0.09533987679776978,0.9056450316238549,0.1191488107221168
7gqR3GoA,-0.5649804591914257,0.09411845573874827,-0.7189186507559635,-0.5336944950465967,-0.6464135721491522
7og7aUXB,-0.1292658509869482,0.49877460106844423,0.31396449402763627,-0.1258267984574224,0.07954682446204342
7onRfa8F,0.22821510703685033,0.5812094701438018,1.4056922024645695,-0.3639060291788896,0.8052880551691328
7umkNuxM,-0.1058111802916537,0.40069710745557724,0.20886697998985304,0.2593941328078866,-0.4978034490662704
7vPr9ExD,0.029917304168835424,-0.25407734079319216,0.501276659583197,0.270937120637585,-1.0367911793217652
7zNjpCzu,-0.5997106218135307,0.3870988545849186,-0.29304156032797724,-0.4303516596914818,-0.9050299144625573
7ztsQNj3,-0.24030707436268683,0.3154937440498558,-0.033441988586602855,-0.6267725621510563,-0.7276805618384572
86gppwMI,-0.852681722738793,-0.3409814131300208,-1.408190082839189,-0.5137787406572705,0.8325403940669733
88thAGdL,-0.43372827166356587,-0.1867199085707109,0.12838907484852746,-0.2587580808256189,-0.042290613660658005
8GhU8STP,0.7598518578683511,1.1067226301125246,1.8604060086770022,0.3877523045513651,-0.4834685763930098
8NlzDcWe,-0.4431413397119611,-0.41054826347911416,-0.820416994894569,-0.46188355989099383,0.5043860783953009
8QAejdLW,-0.2635932181106867,-0.21762256042541822,0.18275454497053345,0.41201499926944596,-1.0536310505701698
8RDeFxWM,-0.2874533298479104,0.40218709949795023,0.0537294294415005,-0.659795354923209,1.0111233755346338
8UXP2NBS,-0.6354808231448028,-0.28373328433004347,-0.29412417549555836,-0.7091093079348152,0.6326935144044663
8ZoV3KGT,-0.4690443824749275,-0.3936939073405658,-0.4485312183269976,-0.49688288286006976,-0.3877205080843906
8ajs2uG8,-0.32835079759981123,-0.464695833400708,-0.6902212965374874,-0.511687884249854,-0.8373540771635828
8bXnz62p,-0.3298512920875024,0.8034551493542426,0.17865403385426393,0.5923149109365586,1.0332823680639518
8nO1O1LG,1.3670036772661358,2.8501189541769416,1.9999087296364164,1.3751471368171877,-0.7112702609671688
8xE1p8g8,-0.466116265693595,-0.019581967049308424,-0.4258332253827246,-0.3189017886560652,-0.09019088541128695
8yMDVMRM,-0.2478839220576986,0.29065815860905025,-0.8910737700708278,-0.6312979826624097,-0.6796948245276335
98R5VaPi,0.6379494144694529,0.5904754559089549,2.454787979194877,-0.9925025052404699,1.2413326209616227
9DcTz2Ua,2.6018436085463224,1.327388882799599,1.9429222959374393,0.5148593870784277,-0.6122728355395564
9G7nfUrK,-0.30138329777301254,1.2947667391146311,-0.7325026121233551,-0.49221298313353223,1.1063742986679246
9O6GZ1HT,-0.2597220112204778,1.5944259327495003,0.856421911451857,-0.8603034514232868,-0.1844554848275084
9S7fCoAM,-0.5574800079566672,-0.622937604821933,-0.2658745132245337,-0.33706202223966386,0.7221629132606515
9iQwmFJR,-0.3501481782469107,-0.4321580441430794,-0.38906088773828107,-0.45319863942621597,1.050997467207665
A3Mt6SAQ,1.4506297025779127,-1.2731393331872496,2.15380454305458,-1.4316846416470588,0.7984266106308568
AJIsQIcV,-0.3946986275779174,-0.5293239066625774,-1.1944370274110525,-0.25900589329141743,1.4677001672771228
AMHKXMh8,1.8201679022414285,0.813586859365284,2.5789212162892428,-0.7455061534056768,-0.49985078484997625
ASwA2J4E,-0.1820848326901806,0.10802226106823759,0.33962056651734684,-0.3654609792292085,0.5389105812140591
AaFvEoHq,-0.48642857684412344,0.06726728909126073,0.15998333653836783,-0.8542068877927482,0.7574162018842623
AiIPD6hX,-0.00744153123661051,0.6080135668775031,-0.9000790084808565,0.591150139713368,-0.0596128692353417
AsIURvJS,-0.21846002987140334,-0.8065029771675973,-0.3591026548943834,0.6465196239229352,-0.5657690486337015
AsvgbJ0C,-0.277673660297566,0.11137781802816288,-0.06167930846821812,1.0944566963204498,0.29609287126121675
AxEhbkCM,-0.5502018187781467,-0.24335104452104223,-0.3705703749743219,-0.8436313852019759,-0.2658282504338736
B7VPkIpx,-0.6012970827086496,-0.2241053855239296,0.1553585385066436,-0.9485200256957298,1.2876013389994039
BBwHqHiH,-0.14672420331139469,-0.8175109732994741,0.6022497892288807,0.014028250149181742,-1.2637933377050639
BMyps8hr,-0.20023715093747319,-0.45198122806748636,-0.7543290678197885,-0.2161178808084836,-0.770236836897271
BUHS4dQw,0.20580987686469432,0.5840370451374721,0.4415404353295893,3.1671393130230188,-0.8977899004918457
BZB3EYWQ,-0.0908079874173523,0.1759789753360093,0.41763649246109646,-0.33277335412349407,0.6486495893777899
C5UPCZcL,3.4870042209666687,1.5099848680094043,1.345595013491528,0.8014301892682776,-0.5739942052502658
C5gIfQbJ,-0.24710202485095278,-1.726387059649532,-2.2751470012064887,1.4998108318640861,-0.7267822051311714
CDRuu4Pn,-0.30059172663797884,0.047063269644422256,-0.0830808527678546,-0.5848618850608704,1.1012263234046749
CQhTYkqE,0.6717756123388212,2.071400775065042,0.7829102147823641,0.34632279943405964,-1.667961531868592
CSEobMXv,-0.5571101608542925,-2.2366504640725924,-1.5684870691745154,0.6137455875519655,-0.35172836383234984
CYMQE4x0,0.051175145826973134,1.1316779119761684,1.5161140952612586,-0.2846944322948963,1.1794198196065822
ChQdtl4J,-0.6353129961983195,-0.6641917259823911,-0.37090486126371447,-0.8341396055587449,0.587286141692325
ChnD1nrN,-0.48015425578121806,-1.0420586719174787,-0.6605357105123868,-0.4949398052688734,0.31874738863144003
CvtbbIcq,1.056262906682235,0.30289617455162815,1.5773889503624037,-0.3509971058654835,0.34128333169900915
Cxk06b77,-0.35301102641900406,0.043274573393701055,0.34956460419420554,0.10944967091740665,0.32669718554203375
D3QD3ZEJ,0.05808640265143761,0.6916212967394142,0.7346002514901009,0.40056906020973426,0.27894565019447204
D8J5C6lA,0.44981177173579057,1.182064002015473,1.3755998196666417,0.07140432872880509,-0.4258977076712607
DCeQwYfT,-0.23503707855225187,0.07555441059881246,-0.45030172099610133,-0.19900509658596865,-1.2413507372266068
DDEftkx3,-0.6609237291980604,-0.430389425596817,-0.7341654799537218,-0.6371229110394898,1.3622940543764994
DEwCfeDW,-0.7521724286733068,1.1653735303619082,-0.5731194075435482,0.27158826857498153,0.8818127395393269
DMkIV4oL,-0.4082182662066003,-1.0433994895280907,-0.6811166442996386,-0.6200794406692482,0.16366609534247467
DnzGfbxS,-0.23599337355449312,0.11957502954653992,-0.4328354669121064,0.19174124551368577,-0.5614442330302112
DoZxo6f6,-0.2785145838926488,-0.4307954513195715,-0.13380886876651998,-0.7770597541496556,0.5349146551224309
DvhBPGIk,-0.3358202808500321,-0.049131405513171245,-0.36210286891441945,-0.5000102087301688,-0.1616896657142639
Dx7GoUcT,-0.6686562930796105,-0.8366509321032429,-0.40648435972285957,-0.31689184736546805,1.2051525027934922
E5hIjohO,0.5738761419625698,0.19305464116006138,-0.01665591371852826,1.4268306670832696,-1.6270958131471247
E6x4XGHt,-0.4819804609131214,0.5860719912177743,-0.8438708523598779,-0.47007786175643895,1.835752387725407
EDEpAzh1,-0.6124148380568692,-0.4974084798366422,-0.8774964095168276,-0.6444114402704764,-0.3747693739851472
ETGudkQt,-0.4402495842927405,0.8557981249585958,-0.07035214328385675,-0.5421440738485916,0.9390696446917435
EUleKrLJ,1.91735769609666,0.2341105889582365,2.0049913539436366,0.4877039422650409,-0.23284264796114962
Ehw2Jz6s,-0.17927016405201812,-0.19922062772750476,-0.13618588806189735,-0.6148852871986437,-0.0724895573472375
EjqzC4zH,-0.4771642581646546,-0.8815519851282312,-0.10953644199612866,-0.8612616921992053,1.0942650873262234
EkMZO3Qj,-0.6640120809239358,0.16275235219630907,-0.25130810378818746,-0.9129931124840005,1.14875304639656
EnoNXWvU,-0.5091471830697243,1.3401950648527718,0.8606401521002656,-0.8671320190722529,0.3216137869544322
Epv8ANwr,-0.13929393923093458,0.3062993732619382,0.041476723850691455,0.4518796451337932,-0.12685207169364365
Etro9j0B,-0.7640166624810488,0.08296230192291915,-0.34085188679704204,0.1685193569162835,0.030781384929148947
F3MIZj76,-0.19116180665199312,-0.8684061960882941,-0.581999310734284,-0.25144269327802693,-0.742055062295399
FB8tU00K,-0.2739350994522024,-0.5189800459425882,-1.2820261901915384,0.5802072980912967,-0.6412855208910591
FLhxBGMK,-0.008674035363444244,0.08808413878222182,0.9270690051385297,0.08072149071679968,-1.6093604731371942
FRreR8ka,-0.5810387398925385,-1.2363678789495676,-0.41857607226352567,-0.48365809997439335,0.5099794493360539
FXne4oAV,0.48186763018732637,-0.17563395770236817,1.2027248807336677,-0.5256708307128837,-0.8835592505551857
FaW764jk,-0.4660455975411908,1.414824064862697,0.12241017539527888,0.014308986594277151,0.5875406735033994
FeAbMXly,-0.6186934288312478,-0.4455876320629632,-1.1072309943258538,-0.8085877997742004,0.5400430191624042
FeudaFXn,1.8122355329794468,0.8194663114480483,2.043130257026923,-1.0232752522325432,-0.7238834045950975
FldUmFeM,1.5888478145872693,0.6570392154476512,2.024357224421567,-0.8300231131916376,0.38882359500729025
Fnv5tfAm,-0.04351267016778104,-0.33745404593036693,-0.3849898675857839,-0.7375356031900515,-1.3457838981055026
FvrAd3Or,-0.5038879451287415,0.14960942305695585,0.6401597197905506,-0.6586746111641935,0.6088825687188146
G48zHffi,-0.048126305128204594,1.3697397702356586,1.4067333065758072,-0.7058702355595892,0.4612226396600738
G76zCv5N,-0.30707509114042286,-0.09093327151611835,-0.17885740943108064,-0.38470827492064297,0.2908432135250929
G7JGUdNf,-0.08868830369396241,0.19671422210596862,0.7279401250975515,0.03231086972130903,-0.8937491349058491
GCo6MONx,0.8682255342980063,0.5020531675753566,1.5700639699352046,0.4372425915058451,-0.7195789730516087
GE0vbpVQ,-0.1617035345637997,0.5754993540373132,0.02265590404703688,-0.5042869921649111,1.4391210346997163
GN0DfOqt,-0.3382454792464892,0.806723542121045,-0.5526953460908326,-0.330165163500439,0.9797685741097639
GNsTAb1v,-0.3927340227139843,-0.2779019968616027,-0.9223012437094738,-0.32001869738223077,-0.6930800373521653
GPwmO21z,-0.2135343786141901,-0.3017692221570127,-0.31444690397702035,-0.060065542358658686,-0.3866787733631909
GQYpfLoh,0.598418455170058,2.240259576197006,-0.36364622070914554,0.41748763109179277,-0.884275901992915
GR9knT8n,-0.39595988700420937,0.2843120330887941,-1.2768547308235656,1.2767753102469381,-0.15825408009031783
GXtFFbZy,-0.1684647787298783,1.0116159446161819,0.6998559001404612,-0.16317626466339052,-0.06618393128699185
GYvzvvFD,-0.5965511005516432,-0.8251864622325928,-1.302437712743065,-0.5495732764048729,0.1231062037568762
GemPjTJ9,-0.5722084881921895,-1.9807151913656786,-1.686051508987733,-0.48416036433660903,-1.2112992523997133
GkLYRm1K,2.1829151714498716,0.3018355497454544,2.2040558240996404,-0.8598348770819717,-0.8680454961866146
GmlqP8eI,-0.3817845972748899,0.32742996868845015,-0.8313810031729887,-0.7182726669881299,-0.03393813813995794
GqkIrOvf,-0.41371273321985824,-0.9098810644487043,-0.8597152279737952,0.4245979640920292,-1.4096140796768506
H0fsegPi,-0.5324479470533672,-0.9096410907361612,-0.07124568976419443,-0.5886049550988224,0.2922570780759579
H4dHpJjU,2.0726052172348615,0.6525917562357588,2.0097382230313956,0.23319052920529204,-0.33961132661087334
H5QwJCuU,2.380051576544359,1.7467925007748353,2.6481469024289552,0.3764010669691866,0.047461740878833814
H5uwmSZ0,-0.5680242843074538,-0.02070123037331556,-0.07423687839223714,-0.527528070891051,0.9236537255355275
H8MtbVoL,-0.3818060524870437,-0.25611566034067373,0.33337448512078827,-0.3730421034268039,-0.3798652262325921
H9JrUYnp,-0.613566886003947,-1.1070692660060197,-0.38537740164906786,-0.198712753696628,0.5239086266959438
HHYmmHVk,-0.5203947159080275,-0.23676111456514687,-0.36961875070828953,-0.728079694900881,1.5801689576578808
HJ5U4uqL,-0.41208892461774826,-0.491981921732721,-1.3871861261691494,-0.6577157836605547,-0.24135001218279295
HNQxYc4w,-0.1489581648488295,-0.5592349471832063,-0.4119376101948713,-0.5662475195179679,0.04791879922061493
HQYhKHZ8,-0.4281227372238331,0.3225638712133388,-0.6195260715702691,-0.5030270246120425,0.11810530328245217
HSCMx0MC,-0.30790970771545734,0.3512851424568944,0.3004885057335216,-0.643267395215184,1.0052675304897252
HXYuE0fx,1.9510773157001784,0.8962330844392883,1.977038255355544,0.0929166521733995,-0.48227520865160245
HdKcxEWr,0.07328433285916014,1.505203950107328,0.05421642675529559,0.4407847804647611,0.6880850105873224
HecW1iCC,-0.7095303586537093,-0.5313662073775818,-0.8588541725590633,-0.7690763159466756,-0.5828904324748743
HpbKB8rv,-0.5043960311420426,-2.4420010365802933,-1.7753981780954502,1.7951437552305756,-0.34911617584561205
HrkoYjCg,0.08044404733441457,-0.5217931077308122,-0.07371295727905713,0.9527834877479743,-0.74993311286964
I5P2uquT,-0.3653069125784024,-0.9744112146032504,0.08202427774006149,-0.15353387464654822,1.1368074515540096
I94qkDM7,-0.8413711485475108,-0.6424832857179463,-1.8036381406804913,-0.6793004301175793,0.15100349888465248
I9sQbtt8,-0.5457073131701153,-1.2572044337250936,-1.1226319625012018,2.093908958416278,-0.3496711311850662
IFxgw6ZX,-0.47494772740173796,-0.5196511809318343,-0.43381155008093786,-0.5154401196934102,0.10699614331884533
IPPPSyoU,-0.36327604169359196,-0.02664011353948731,-1.1496100076628106,-0.12946889450007282,-1.0038589171333536
IQOYQubU,1.547695795124776,1.0276932269590395,1.7466594619898608,0.1519128371301135,-0.45603752763503036
IYNE2SxU,-0.47164110968108586,0.0859931305674711,-0.6640022061201021,-0.46150028323293313,-1.0444435000687131
IZRFk9kN,-0.04890069746050929,0.34235295205895816,-0.2917703551643658,-0.27803345337224306,0.26403616625356774
Iaq3v0t3,1.2406051167773302,-1.1788483910954513,2.0243525611111544,-1.1652011218408411,0.7593131171083611
IbVwu1t6,-0.4427920771295548,-0.00030214824212365654,-0.8217262747304688,0.1058008674760107,-0.16900513487114832
IcHKTLyo,-0.2100842269300337,0.47087225088183376,0.2146781475216002,0.5078641312532919,-1.4743319237411858
IpW80wVB,-0.19853943042118183,0.33754649154107713,0.20312066345300983,-0.0005608560940966179,-0.3098039972391584
Itb0PYUV,1.3922604429241436,0.9932048102588624,2.036093665329049,0.974763543411825,-0.654238049460387
J8fpSwS0,-0.6590525534116941,0.894400236794014,0.5434459955853619,-0.9290483643420808,1.0243485407266706
JE1SlbD0,0.45806986048599474,1.3963445829952976,0.9880679188282626,2.12222941526855,-1.3856739558762452
JEB4McNb,1.0908281831087103,0.11181158349224624,1.6080417091001558,-0.006037199715248631,-1.1895666317493678
JEE4QVeQ,-0.3374066204738262,-0.7514691587176585,-0.18558217865822102,-0.6218062387719541,-0.8114349508415313
JJSEU2VQ,-0.5877513696172925,-0.38250530745807837,-0.010875961176677773,-0.5610702035767994,0.9890262516518613
JSsVriP2,-0.24465546876541588,-0.2451607217564546,1.0849047203998081,-0.6533013593036863,0.16915660327629123
JUvQNiOK,0.08730837880337172,0.3796261965242976,-0.040570496438318004,-0.31997213833667226,0.4597974445925932
JZbrRtm2,-0.2953997718322169,1.4212015378237413,0.9129062175226539,-0.9254726516933798,0.18213551673672024
JcE9G92B,-0.24337511973724402,0.15892401418316143,0.08130922112959094,0.682495847844836,-0.07011370929571714
JnNYpXHr,-0.012733479804001524,2.027911740239053,0.04164529713992615,1.9467754293731603,-1.0777913131388865
JzpbnOtz,-0.7060910785473828,0.8867396330753581,-0.49515934358294533,-0.7964752685126042,0.7907159162156958
JzzUhPQp,2.2220450287743727,0.8587154827203556,2.227329011235624,-0.7373395617505247,-0.8079549801550445
K05R8dQK,-0.10924895655481093,-0.6162864205548046,-0.7158717035083251,0.46318869431566134,-1.3090488015331954
K17pG2mG,-0.27921830562643535,0.2659913207377314,0.4888206543173814,-0.8522630762534944,0.20164271869511774
K8BellUe,0.20365301294872462,-0.72973075045466,0.4439076869361289,0.0888640853245275,-1.7049783374025014
KJ2eH6rr,-0.24182880116008942,-0.4279819380086322,0.10268654602129268,-0.43621740612891147,-1.959442830767774
KJEJ6Glk,0.4874304175033888,1.3811026197909888,0.9644958754136266,1.545684264002293,-1.5939265537359513
KSbO0oXS,0.4778830956648157,3.453674571383742,-0.5265059181120633,3.1894571024006977,-1.2875684991427916
KXtvmd01,-0.3006297005668953,0.06280556448265467,-0.28672602809810255,-0.5119078427159414,0.48564830304069484
KYiJqBuJ,-0.06407770465239016,-0.295894266697928,0.8773035916595957,-0.96979604637438,-0.7577803578398596
KmbAyTcE,-0.14606382644336402,0.6366650448600268,0.16227995799003447,-0.3299726141743191,0.28785404192954345
KnNyl3rV,0.15262050362948387,0.19864214532617402,1.0640683443807755,-0.5979918510868543,0.8835999657388109
Kp2DG8TZ,-0.4726333845617745,0.18530301039411895,-0.18300165869979734,-0.5064188429885785,1.0910625195210872
KqQtKWs5,-0.632188520911745,-0.7274673119500352,-0.7051555473262285,-0.46740928398310144,0.42963035280398554
Ku27g63R,3.2781849194710757,1.2509496365331707,2.3803463253595316,-0.19672385932029202,-0.34083446283527175
L2aTVqDq,-0.46721914539965126,-0.5438787075225162,-1.2386247343448311,1.14503282458814,-0.83120003302468
L5jvq6G4,-0.6312155131680919,-0.5332548366576944,-0.6712007338183004,-0.5512149906085018,0.9218544667116129
L91hYVQl,-0.3987002128651409,-0.7035828110344704,-0.7184494357510263,-0.4611909591041199,0.27039442844973793
LINAMlbA,-0.5072826032004836,-0.5946855720898208,-1.5555474567385572,0.15017506659797397,0.2684233369684912
LJoUNXSx,-0.4884409061898718,0.08999064196406287,-1.1327041464943342,0.5247959509394775,-0.20735386338421136
LLtSiyWD,-0.3224708465584468,0.41534158578657127,-0.5745964825096193,-0.35853079639398056,-0.2701047389295166
LQJtV8kn,0.055525636228526354,-0.3738073220424682,1.4138274493079004,0.02356814743006952,-1.383139349263421
LW9uddw7,-0.5748057564435984,-3.079422470194785,-0.7660565162981363,0.8807787545756762,-0.862089189434798
LZ6sdBTR,0.700731444106381,1.323943332948556,2.0298626654490546,0.20211088578840508,-0.6874551148018309
La2Vhnne,0.05060671364413705,0.8861466770089674,-0.3540468513637436,1.5402116606459237,-0.425626024962678
LaUWSq9B,-0.1510467172591392,0.516799909255589,-0.1940568587830651,-0.106359752733028,-0.7122452198639728
Lk4SfkPQ,-0.6359167036215149,-0.19346283697824934,-0.18144988105915716,-0.18651097248981596,-0.7404121947457367
LllC836d,-0.014575058997223111,0.381436102982262,0.15857891976005845,0.7786585224241354,0.3238369720668919
LuGiGeWN,-0.7273206818235811,-0.2124075609230764,-1.1845914792426455,-0.546225654497547,0.6252535965070836
LzcyHcWa,-0.5580729100441326,-0.12057780687224068,-0.4977686041417735,-0.5551555037635407,0.6645164286175878
M7veP0H4,-0.6925819764905008,-1.2690575393695542,-1.0846990042992644,-0.49468539459816263,0.8352725681930353
MB8aaJUc,-0.4289919554179322,0.2878432735335708,-1.1394140514676832,1.0864157870590947,0.5758616796762734
MDpe2zuy,-0.36478915140180157,0.9979007737979366,-0.06132918563032752,-0.8120995910910374,-1.0226526670201974
MEzdmEIU,-0.22109002771918096,-0.010564798998607905,0.18060086368150574,-0.3897281327954696,0.2323244445780246
MVnhtivm,-0.17649749031497797,-0.2104132721922755,-0.026372438217187044,-0.35856287577915946,-0.3545429899962482
MYU7WDis,-0.4293340349997731,-0.18487392240259187,0.12083516437929132,-0.9747141576591631,1.1426441125716205
MZFqh6yw,1.7067438280539242,1.6143614514890336,2.716736849242179,-0.6829439866982518,0.35322007882406914
Mdgy4SsO,0.44360589959469676,2.889089038285417,-0.1500925528119892,1.837953704755355,-0.06073576689886262
Mj8awnzy,-0.3704740913482152,-0.32617313537067777,0.16156803108344397,-0.5885860232975926,1.5204392217491212
MpFPbUJy,2.0290559159123243,1.362107872121624,1.5283013755655166,0.852610632399193,-0.9532894523582318
Mqk7MFBM,-0.49032777196016875,0.669338179709918,-0.17059682430955614,-0.6050924361266548,1.2350262958863454
Mqs2t1Eo,-0.548460140524735,-0.6159633228804366,-0.6318477888634579,-0.18614104793040553,-0.5217505090058594
Mv3jFVxp,-0.2074962645086721,0.5986350215344693,0.4142704346884025,-0.005291498601909028,0.3239498363209712
MxODTXvA,0.07067402413517043,0.1051397945512787,0.9569848836407686,0.4970478210090128,-1.7088269597618926
N46PbpPM,-0.4799040192883218,-0.241386440312447,0.031416667080585325,-0.8610223811477828,1.0616736252958756
N5S5F9Gk,-0.985536117360249,-0.12943454937968174,-1.8993227298247273,-0.6970908036878494,0.43881580267981546
NLDg5fqw,0.11866753567280286,1.9930355770683754,0.7355509269552594,-0.5226397313517621,0.7317394929384107
NOho2ZiM,1.697101694368077,1.6738255402607474,2.252372945464751,0.3402019038616275,-0.49084453317754284
NUuY7PFU,1.6791535992161901,1.689141525110082,1.9348993536205723,1.0932469826943108,-1.0559418660964315
NV1e8AEO,-0.4106903624689462,0.13970949886062495,0.47675722081874183,-0.4720305927740842,0.8853264705781692
NZLXROKC,0.1747358366463374,-0.508689027610427,-0.049350138504686614,0.9246834737753806,-1.3171553911410225
NaJo7C6o,0.44455660226978777,-0.39411638360864004,1.758535272129154,0.21484492393110077,0.5166385537362264
NgsyGkrO,0.22502352791645142,-0.2949816618570266,1.0432675136641631,0.7291258505295486,-1.3596639141263116
NjOx4Zpo,-0.32575187426512286,-0.752853074225525,-1.2818744645070053,0.6959364187182528,-1.5740879754184907
NmQoI7x0,2.5078238046031966,0.4379852965941045,2.2370956189064786,-1.1992797992986106,0.035342193473790084
No4wkdLS,-0.5593102257481773,-0.7003516363668767,-0.9171334871848831,-0.5598948620427295,0.3222199712489784
NouMwhOf,-0.1508478677021412,0.2237605015692144,0.42301403013249117,-0.24155404507154943,-0.46170483650792016
O6YAWd8C,-0.13997982252669194,-0.6399912642108008,0.7381110863428233,-0.14713253208546284,-1.4606919496625286
OAXVphSh,2.371809883387095,-0.21635276123755237,2.3730249332616378,-0.8304849989690983,1.0139830133799081
OJBBhb6Q,-0.8269368126031491,-0.9196084660282,-0.4784705463297274,-0.8342484173291891,1.3107347539101089
OSIQXImL,0.7100673232058614,-0.18708528522939333,0.43246922628668205,0.5059655203197804,-1.7248800985801032
OUUFc5Zz,-0.35949969680507365,-0.3956700282346028,0.05150034851205576,-0.6192108397357767,1.1126638714112305
OVk1lquT,-0.2130025945597369,1.025127255464531,0.9017672333247646,1.7388704976215779,0.46254483947468694
OXdRxjzz,-0.3148164202428988,0.09024962541234532,-0.16957688776814162,0.4227057722033516,-0.25379137100791804
OXxW2ekf,-0.3192545857786401,0.45385076152861564,-0.7008882051258511,-0.4916373713853157,0.09522761979775551
OXz5OpqR,-0.3737540309069154,0.4466223998332171,0.38783304572773925,-0.3019626279279448,0.4894898017054894
OcBFW1AX,-0.8477992589131194,-0.7372787584913627,-1.781839658052917,0.16555812570294481,0.4673823042164946
Of9V2rpt,-0.2826687960236073,-0.07639109792872895,-0.2164710481585146,-0.14844743486279843,-0.8919400125621804
OfLxPhbG,-0.2834348299666716,-0.22646491535081087,0.36646411802927026,0.23701005510564555,1.1817656159513132
Ojx2vi48,-0.42398499458037275,-0.538741852978492,-0.879283140372465,-0.4903677791746732,0.6412978385255388
P3M32iuT,-0.14234561755134134,-0.37282908041390933,-0.47354172486885027,-0.5408337379925534,0.3694349559113588
P7olVzrO,-0.39307185807099876,0.5197012531507588,-0.24701293160126947,-0.49488209934655414,0.5818316169858504
PAPHErnv,-0.5420171321769924,0.5268924096142673,-0.9419087927681511,-0.12038300043658645,-0.6385417531745379
PBjEtfXb,-0.292062208306032,-0.2730831246233982,-0.06252956222988959,-0.34415914997390873,0.40391448283619535
PZGpoBBj,1.8424872361015876,-0.17988127138646587,2.084092976863321,-0.7431960614749684,-0.6333839496123648
Pc2RrxXS,-0.5936263233730329,-0.41679691171304317,-0.048858706765557036,-0.6536552814892893,-0.28375077894305467
PcHQ4FOu,-0.49201416353111727,0.24065841219020917,-0.7874940423890544,-0.262332715291941,-0.29617649856107686
PeNyTOVN,-0.25467358315465294,0.9112554434496307,-0.5212016834154254,-0.25213618839499885,0.8199083084866308
PhUPSU53,-0.6187787526936562,-0.07965419055786488,-0.3144547585938857,-0.15725020350823882,-0.09863845806314431
PmUNeV2O,-0.5909280293348996,-0.8880242401151264,-1.2269560322466828,-0.5128679011727129,0.44107935103778506
PoDJ0uvK,1.8874897017883832,1.3579114749844667,2.4411063257743226,-0.6784965523153299,0.15043233237059983
PsUJdJdg,0.007349357090637554,0.3994356393392489,-0.4243414947677333,0.5810782685015663,0.3187194461835856
Q3xLFx1f,-0.2212509690769896,-0.44439835032723146,-0.2386686835879559,-0.32182845572469354,-0.8120929817839431
QBGxCvdM,-0.19716737919982108,-0.7894920943462356,0.567603623125964,-0.2159704232494184,-0.872725205070884
QCEPyu6L,-0.30545034843512076,-0.6304297054608188,-1.2833859027245975,0.3916051108277139,-1.0228962304117883
QEfwec4s,3.1414084781844753,0.49606236375368457,2.30448873168078,1.8089362982276376,-0.5849462123518545
QZ87Nnr3,-0.7972384206971652,-1.424484566431597,-1.2798100396788994,-0.7562598043757696,0.9257036612865863
QlyGN9jv,-0.47534471940888057,1.0073111500082208,-0.2798419825342664,-0.189991119072215,-0.6311078852165619
QqgWE1ny,-0.5205050780900524,-0.0805753503010293,-0.40816230807130105,0.04049649481613504,-0.816984381130933
QrjjBpZd,-0.5244015430935353,-2.2575682944029496,-1.8669917556258089,1.4247041864320318,-0.30407078411459887
QsaBiX7V,-0.4799711452344695,0.2080589610047981,-0.3500934984990711,-0.3941568948788916,-0.5847938597302029
QtBKJuZk,-0.48144949628372335,0.10839134436794967,-0.33981354316482215,-0.34141737637128866,1.6556157696926344
QtPRO8OJ,-0.6041084662152312,-0.10838159570929634,-1.1224590892700717,-0.5777707096860456,0.7514758104058161
R8XcsFnp,-0.9528812934536673,1.4477070203326703,-1.0598468683544897,-1.4390950510581155,1.6954970732042944
RROfRt9z,-0.05053967221517697,0.5580271231496152,0.28274332690185244,0.4241691357628399,-0.8263961285888721
RTcbiDGq,-0.41635007673044677,0.3717415716316908,-0.6030658868828691,-0.42909566248460385,0.2407845033267666
RVidM9g0,-0.2347545436441214,0.7589532315359666,1.4648847416753323,-0.9250933167160102,0.7792626591174845
RZnQSH19,-0.3832872563702695,0.7249682940479245,-0.5186750124018469,-0.6769317534653574,1.1706527502256303
Rc4UK7fT,-0.6267405001085549,-0.6387382882215336,-1.1599375362440714,-0.4184450687684733,0.26442254613922955
RcKBKh6B,-0.5053894072655404,-0.004187088251151827,-0.06601583261318722,-0.23771105974554674,0.7954292959430431
ReM5kDa5,-0.17049828277276757,0.19178810070539348,0.17629133741008451,0.08006023975170629,-1.1583556641583794
RfntsotG,-0.5360260821381598,0.4126566708613589,-0.38497849793228167,-0.4960418849672483,0.7695927449600284
RiXMlzXD,-0.3350709613176579,0.7917116629503342,-0.5101474691273269,-0.27633542147181034,-0.20078204596795768
Rik83O3m,-0.5378017970241994,-0.5075690238899921,-0.3779362420625103,-0.21282981780740373,-0.4789366385351401
S3PCzDzO,-0.2827079859934418,-0.11045546327442829,0.35424978825718756,-0.7816949023264734,0.6997880795613691
S77BviOJ,-0.555149841591976,0.4469122147141829,-0.8180372729187739,-0.2317051699749233,-0.14926285734373423
SDdvtktF,-0.28588949704346966,-0.055221750982720585,-0.5697936022242558,-0.25680182754326797,-0.5706532902942147
SHs1AyfM,-0.33810084288761844,0.9807531703577379,-0.09622086461218182,-0.012892375990393168,1.7047515830142526
SO4zQy9k,-0.28265375980794216,-0.7442221839929706,-0.10252872634553989,-0.30989647482048976,0.18691337453535595
SOOBCoiG,-0.7950952970880335,0.07405561889593165,-0.5359162116642004,-0.6301514846036955,0.7473141652561781
SXkkPB7A,-0.7361189034663191,1.851019173046425,0.2817138853184633,-0.7709265128739626,1.0779870331389594
Sa93dGqq,-0.6633151893091886,-0.5458332100114507,-1.3794575536506086,0.7411667755777935,0.2921459344397954
SonIG72a,-0.5084666293968204,1.0464775416763932,-0.4169795282329467,0.010595078868608443,-0.5461851797304751
Suf6hIBc,-0.23230003813398992,-0.055132073422539285,0.16177026626545965,-0.397465231081628,0.6534238987780017
Sx2JeSRz,-0.04875902343990668,-0.15892201845884796,0.13423005307494829,0.4916646115080343,-0.9148942655357704
T1Tlftr4,-0.3499298897705819,0.45936593115703533,0.27934710211497316,-0.6364607883399529,1.198680681729514
T7ulR4ci,-0.334484472376259,-0.527197301617236,0.18704446778834005,-0.5625901742774517,1.1058257960472664
TA1NB3Br,-0.2212928386539682,-0.004910318413796133,0.2949035485324718,-0.3025393474231839,0.43667634112192855
TFZUskaK,0.051987112322235296,-0.3076854266113506,-0.02994741738384099,-0.05765427215404162,-1.142696611601426
TNL8HGWZ,-0.269757126192846,-0.20837346532362816,0.3305300760604164,-0.26486885709125074,-1.2035542980888556
TZ8z1GSF,-0.20987727063257466,0.6139649089524826,-0.20743735278638087,-0.32574481241122877,0.5461260039411606
TqhRvkJJ,2.0523200968049924,-0.2391344712570766,2.394523099227758,-0.909615945121951,-0.1663521448740959
TtJCUiY4,-0.7192794160868141,0.6577160956225028,0.25430730030553694,-1.058120072772069,1.388969954246816
TwDq0lua,0.4846528828562586,3.495208351977521,0.9913902486340873,0.031886992383544754,-1.3135806428308825
Tzyf02sI,-0.5833585066519691,0.2341941617791517,0.5581952248284521,-0.7800173593452211,0.9011660594743962
U3yI6ZS5,2.818472031945922,1.881788776670348,1.961672265344606,1.273452252724234,-0.6789420335835679
UBLnXZAN,-0.4082099063083956,-1.5393952313681776,-2.36407505766603,2.385161509128299,-0.04209394725069715
UBWDzleg,-0.2646678996714821,-0.8098178395748572,-1.2244514705782288,0.09344954664422,-0.999559950893737
UBqkX6SY,1.5506985128790969,0.09489760558544652,2.217123473979927,-0.3860428844517041,-0.4500534509642453
UCIAi1Aj,-0.9327099466535445,-0.8081156614766047,-1.7804498420782153,-0.4446955221480082,0.10180465530927041
UPbXGvCS,-0.14612849419080498,-0.13187059149569497,0.6588004593187666,-0.046542957147219566,-1.268449716020888
UeWm1l9F,-0.2935648391784109,0.010179659539605368,-0.8040924750190841,1.565795975329098,-0.17882101435211606
UhucscY7,-0.8069312535064702,-0.27081340286524264,-0.42322796087921977,-0.448810238571661,-0.2458807422309215
Uri1SvHV,-0.1030546348096042,-0.35168169403618305,0.547643069378511,0.03685931494448447,-1.2305650473233876
UzxipGJS,-0.32736552305410593,0.5768847893828462,-0.5840209569054025,-0.2269015368376337,0.9041616840743665
V74zfaAQ,-0.23710928573630996,-0.3760162163256859,0.1765339972875315,0.17226903062043197,-1.0161040854874834
VBPxBLTh,1.7085801129313938,1.6128473550975404,2.2095881068023475,0.6864689581951053,-0.741719568194086
VLG7CXYS,-0.1627755885393779,0.12005201104821978,0.22312971937895587,-0.11556545961819387,0.7212645837008282
VNk52SpF,-0.36324116209988,-1.927477404551176,-1.792363108670844,2.0714548926686875,-0.7376469069750689
VOREKsok,-0.6216830707016119,0.12372885214393864,-0.176929086709263,-0.7835794174118513,1.5774435299066043
VRhTr5pX,-0.340531551323789,0.15728889743326696,-0.3099000391157205,-0.6235221439879894,0.287133190438825
VTcG4Kcw,-0.39087892242039834,1.2099865743588085,0.6215171746136403,-0.14958590209475786,0.5821431647950992
VeKiWSbS,-0.22417790082617606,-0.030557623295640546,0.31194969605049416,-0.23821131864143608,0.29833846756446225
VnU8nJHU,-0.38973804823298674,0.7788076265396315,-0.33147809188326405,-0.4255834505046989,-0.43271882206077783
VueNCxYv,-0.461083793615633,0.09704520414604217,-0.49406361158719014,-0.4726996483846402,0.3204780145980719
VxuQTRUl,-0.547609996401377,0.26762992658050805,-0.27590637493203607,-0.7520002438410125,-0.7431937706842497
W5lgaocA,1.109728691761328,1.0321498854340343,2.3617604450693546,-0.7405078259267017,0.3847303225998886
W5mMq9Ef,-0.4050411323484405,-0.06003089597216221,-0.724369800955589,0.5423285431457823,0.0037875022344164844
WDhNqFpS,0.12701168759903658,-0.13776908208088007,-0.7589963709213057,1.531898194498717,-1.362212347505358
WE6n1kZi,-0.4978209948551554,-0.16153453674174462,-1.353936646873635,1.081909332248102,-0.22753995148949113
WFk6r3vA,-0.32679687634177323,0.06520370525618563,-0.8447001248618584,-0.389102659500395,-0.5213986087665761
WFyIrsUR,-0.5543722457675766,-3.1477087260676533,-0.7607359566735885,0.5390416245503893,-0.5185371300792105
WG6ZAsqR,-0.6352091682773865,-0.4483635480490677,-0.4693721198908125,-0.6762256307237156,1.2633695138648455
WMq3CZQk,-0.3353261862725666,-0.6881219971995465,-1.2331637699137576,0.17915704098445873,-1.694575224485065
WRskmGjh,-0.3057997576899898,0.9715867747997893,-0.45203272364093405,-0.9040346706210918,-1.0446137720697075
WXijSglj,-0.3139911365580347,0.09310398700945238,-0.935879592855924,-0.40472745154481293,-0.4455460598125829
Wc0stQgu,-0.25414757949159494,-0.2807491485516162,-0.3358309776540669,0.5728966112735887,-0.7402648040394968
WewoSCUB,-0.5724151347427433,-0.6234900503970928,-1.1082506195392774,-0.6666683664261348,0.6483935198761077
WuHuhHWJ,-0.022022667200412238,-0.3577596145812422,0.9067033604443513,-0.6001887008299556,1.0565202275072385
Wv7EBtZb,1.2676044911697877,0.8414315800476013,1.8453773324335276,0.04220032256317663,-0.46939574997800304
WyPlxDn0,-0.4107366633149565,-0.37373031554261765,-0.47575509377923453,-0.49563848969244617,0.5848024210916096
X3WqoSNN,2.37963174972284,0.669395170192961,1.4715419971148804,0.6786050146038793,-1.1654336916975734
XDhyP9KB,-0.5002466961040597,-0.09558030805727452,-0.5515249659136161,-0.21594119197456374,-0.520871711991135
XQxhDRMG,-0.7963509830094917,-0.3782553054168864,-1.6458882008179267,0.09452042282824258,0.5786333790751441
XjLNAwxW,-0.05866843892089446,-0.9141382307268759,-0.30460571094922284,0.139029476112279,-1.2266383909194707
XjfVQbXd,0.6901564097819317,0.16546820596256434,1.893198345226032,-0.7220008017817934,-0.3292424225553021
Xovczbf6,-0.6487912858564056,-0.07247314522389087,-0.5832309407294243,-0.8998422316385781,1.5475390154464594
Y8H4onBf,-0.7794176748828073,-0.37927457056503283,-0.5372332247107501,-0.681022563004305,0.8101071040449224
Y8YgzSZ9,1.6765943430114392,1.4598611430965047,2.3055786626433594,0.4765193834745678,0.0807127359314963
YC4PNV20,-0.6473377620521786,-0.828007725916313,-0.2895081477813144,-0.3343590536983778,1.056595569525159
YDHSCRdd,3.6894708316398734,-0.11305256815033599,2.2889724856283853,2.4758375576663165,-0.718940273385315
YIJ87aME,-0.4616086953931846,0.5654576613946001,-1.1091843926100144,-0.6414961073972703,0.782182046425868
YKvT4dFv,-0.20806347294676297,0.15869880884046267,-0.06655181821792788,-0.05851943687184358,0.21898894767770138
YNebALR2,-0.6158233132805034,-0.9758301359193247,-1.5103413916756059,-0.8078178427935727,0.10907521039730605
YNrnqFyb,-0.24555713965133885,0.5403619127846782,-0.3928741931120532,-0.412235726362185,0.4441203212975695
YUZ4lR3m,-0.5146674257995993,-0.3892420567078651,-0.09242208982442124,-0.12361100051750995,0.6293435363097437
YYLvjoVC,-0.12841133410914707,0.8409385388071879,0.5454614470908437,-0.36890179023854763,0.67134294857746
Yb8OtMb2,0.22116242961232113,0.032539979542437536,0.990950400645733,0.43641450128797454,-1.3961998672368436
Ycg4lTYw,-0.19363427934660016,-0.6209702904150418,-1.6097246738283866,0.4450132304962704,-0.5762273315647981
Yfk6tekH,0.03580566060602708,0.5903212968882461,1.2742599078174874,-0.38314977396248606,-0.6621866114956205
YoSfgmR6,-0.5744670648427828,0.061977967989818084,-0.542686482643578,-0.3357324845024632,-0.22258394242856672
YpzFvexy,-0.3891965899095081,0.23169600311036237,-0.7023056925216176,0.09873485012761707,0.04341173430986811
Yxqppfa3,-0.0745876724001725,0.1959795053941858,0.03912708508847085,0.13930689467317747,-0.671349855129437
Z16jTUvP,-0.17556954664163904,0.3146182710290167,-0.9377740631324059,0.2156071621355511,-0.013574235116443178
Z2BdCCbJ,-0.21992694540704005,0.28912760853515823,0.40373836670411034,-0.4219262360004845,0.8338958884151582
Z2JJMM6V,-0.5075219344401286,-0.7841852257336963,-0.33781358286931495,-0.10080793043526115,0.7457158223175442
Z5jE1OB5,-0.13822106845808912,-0.23996292379562484,0.5208002190847505,-0.2919728427394168,0.32040067646948267
ZFsIqYxA,-0.5499856276475235,0.221711516913554,-0.2936315827396856,-0.05451515046136346,0.22577976513466846
ZHDVsoRh,-0.32184908603996354,0.19169424164276566,-0.27999708446906246,-0.13582130455380503,-0.26681902267143287
ZSmfu2Fc,-0.5216297469677019,1.2505400559379478,-0.003801218094716452,0.2398779332466192,-1.1526184827184742
ZU8YXF3H,-0.5690558898711966,-0.44644993557653895,-0.3653420561597478,-0.8746931672646179,1.3039370218387643
ZXKaNy6Z,-0.5448877519845325,-0.05361399621650759,-1.6136898900933792,-0.35216452307986845,1.5524147774849697
ZbYLo0zK,-0.4039703510389281,1.0551205691873407,-0.2904407187449636,-0.5881132063815824,1.3645961401023696
ZedN8Gcn,-0.5946673017499502,-0.28702948172431125,-0.15215764451471903,-0.4716440182015207,0.03291718598488225
ZgD4Dau6,-0.09106191748475612,-0.43882331190940754,0.39916336652543216,-0.748323839039454,-1.0049030535172532
Zgzf79LA,-0.7088825823146379,-0.4348072261410258,-1.2377521637852238,-0.5002310146239766,0.5886222245659709
ZjqzxDOF,0.20496878971649335,1.127043522727041,1.5137177819920316,-0.6787484636624388,0.2602437042823933
ZsZ5aDpq,0.13028054903840913,0.5353486555464191,0.2949022181606977,1.1014400683284769,-1.06714389841777
ZtyqE7If,-0.09936291026595201,-0.6657079223374216,-0.10767299027482813,0.05462260229258753,-1.397684955014207
ZvUgz01f,-0.22429206234544807,-0.15151122404729173,0.7499801140941476,-0.8173477423636153,0.8423179120384008
ZwrhgdQV,0.642089296582762,1.9094717596950368,1.946396577825999,0.6948868657504546,-0.5765717689155896
a7bhJGBU,1.9343994715086021,0.6271159310309227,1.9385675400658664,0.43592813681303255,-0.4971979690794879
aHpv6KzP,3.056101425514293,1.6835966349508509,1.6905039780261972,1.0701530858025516,-0.6312603599799516
aINzEBVN,-0.6124005204128297,-1.1562067955111617,-0.648256792840699,-0.3833646599657925,-0.447595800983952
aP9EtTGF,2.668828404318603,0.9584462470663688,2.176046261628702,-0.7533419228431213,-0.4252022684354617
aV6EhtSL,-0.5414996059763854,0.3157903551344046,-0.17484990479607654,-0.3868994995167885,-0.2549662859994837
aVZsXKoH,1.8388805378836965,-0.016027692567022356,2.106884495264362,-0.9345084826550352,-0.32149114876207774
aYVnVJvc,0.000630795274783047,-0.24834373894545053,0.7685350317714217,1.0041002298931028,-1.384697191148834
abCzN1zx,-0.5615807022706572,-0.6280943409783208,-1.1673768008150487,0.4976837399921512,-0.809955981338635
ae7sMiB4,-0.1809576978971572,0.9551848783286749,-0.5663338572985339,-0.25095408618206916,0.5022754357536552
afsVuCGV,-0.5762382098791802,0.6357454544409926,-0.26974459416411034,0.3119680690020403,-1.0520122396409015
aiwBQETI,-0.008131005750803721,-0.46518711297422993,0.6138884341426813,0.0796054583402217,-1.0101361241805809
aiyli4EI,1.7101967941247496,3.157110627329776,2.0749745415209224,1.1489143612729233,0.18772787350260933
apJ7NmzD,1.9825996341924956,0.36442808572147395,2.254268810295893,-0.36121132987677607,-0.18222421926899357
atVjNMtQ,-0.4685470306365551,-2.5482339903514997,-2.0378909628037603,2.3126814276595864,-0.8035341956316435
b5GirVGV,-0.26960948532582196,0.03910757772917456,-0.3503894680031807,-0.48026814774498616,0.7257341295486721
b9SpMjNB,-0.16093667174729798,0.6205880949495299,0.2091617728706041,-0.12618785524882403,0.7848810956661358
bAFs37yy,-0.24717509953282624,-0.3609447822689879,0.2336041710214778,-0.5991504590818608,0.8567145260125721
bDia1hHV,-0.19676447599269187,-1.163795499108234,0.4060588093839461,-0.06621423990093822,-0.779581887962123
bFkv5Mtr,-0.4969573467734397,0.3743782581366049,-0.7472062321532704,0.4164043913297897,-0.5205370848590978
bHe2IXgA,-0.08226870388415974,-1.2644534153055396,-2.863610660111502,2.9196221672844764,-0.45867820155755124
bWX3vUm5,-0.09667026618278085,-0.34952750220179113,0.5090078694718143,0.28118951798350444,-1.1669533061541275
bat8tcGs,0.03278065168694355,-0.03923739416961841,0.20645319122635208,0.024333001177474944,-1.3734565003287458
bfjej4wu,-0.3648878641165497,-1.9816199146999096,-1.2711067433932854,-0.4486099381015092,-1.597034202259968
bh04YDiP,-0.10488485031535688,0.06006365984703371,0.23019787454678542,-0.05156565052562789,-0.4499286143513921
c110Fdc8,-0.17796898447275156,-0.18602737997435764,0.1898203156829228,-0.2277228157229101,-0.02198157777851195
c32GUzMa,-0.8430034839188595,0.3132591493905344,-1.6862743064053294,0.4124883189526951,0.6229000655198633
cT6uU0B0,-0.40992716228351,0.6809317573856675,-1.0613141264824735,-0.7026940127571719,1.0771186493653813
cWXCiFwh,-0.5639766131232858,0.4929577689784764,-0.931794820697734,-0.6333477705146957,-0.9846756791823872
ceNvS3yd,-0.42318710400870607,-0.7817533632062499,-0.9872551715656968,0.12367374388519958,0.20939188181526003
cmwdt4Av,1.3420001239405142,0.6820777806584977,1.91722118797032,0.07850994014475199,-0.45924767186288507
cn4EHsup,-0.5389142070418739,0.22926047792822085,-1.2845279614648593,-0.184839054280592,0.16478211770056284
crVOGGTT,-0.41238091670372456,1.3861584294053035,-0.5081790099535559,-0.6672707891725942,1.6432533566087264
csPEJ1E5,-0.6429728447018486,2.5407283790288875,-0.29267478454882445,-0.32662775888806994,-0.7493696723250471
d0UrRtMk,-0.5634770308412669,-0.6538488461737877,-0.4552825353275014,-0.7184174596800261,1.6203506825138507
d6LU4G4I,-0.5638802261064135,-0.8209295044763303,-1.634112797001692,0.32220707729048215,-0.057969522641740934
d74T1DVv,-0.3899115379248187,-0.32866039927142293,-1.0727720613844804,1.3139852941083032,-0.9448569682598633
dR6rM1tQ,0.15571942391947213,-0.5922335816691431,0.4118464492419489,0.25073513590118157,-1.4108333295111353
dUNxOoqg,-0.39245639622774453,-1.481257595721418,-1.2540899131409213,-0.1545314712694008,-1.3195692814546114
dUnlyhj7,0.6010301654108949,0.3324234798985429,0.8431309227002772,-0.7853723082652584,0.18372072806238982
dVDlnZQ6,-0.16419170800891614,0.19381703527295474,-1.8745672634271189,0.7037959362574855,-0.7159227948813742
dVT26GDu,-0.34905570372399075,0.8866818808507066,-0.4808926128385702,-0.14818812271807058,1.0556280735039698
de43ycXY,-0.2687402815636428,1.2052663011164066,0.7169435612189041,-0.9239332517527479,0.14716979941596642
dfIn7m9z,-0.2041679971898891,-0.15306339735473945,-0.12524904109425106,-0.37539848299177425,-0.46680991880878175
dhmb9ZY9,3.4216708357025363,1.2166140524059623,1.6945810680062585,1.083872790972063,-0.6033046604423891
dn8kCuyf,-0.3920238474250387,0.2544089785539703,-0.7408231542885149,-0.2375503747827259,1.427876785965301
dpcquvWW,-0.36802272416764503,-0.22575803887371543,-0.3670102427604405,-0.3665474010052123,0.2493971907264836
dqcbIMyr,-0.6414886761486586,-0.936960218939294,-1.6077073928888306,-0.7721846401168238,-0.3700761194327511
drWgsBf5,-0.4092006015459443,-0.3028844472296243,-0.37363910783497833,0.25511031994977373,-0.46653285987718784
dytx0HSe,-0.7179844222540043,-0.4821524623128776,-0.9888784593262419,-0.7105349937935506,1.3656315648329376
e4KkkIha,1.9884768691665557,-0.7647989965611648,2.543813939709896,-0.8849140066990486,-0.45951559993945446
e9YorH4m,-0.22630109808015264,-0.04801788585367611,1.0302731741467162,-0.8174684691716334,0.5380120036108595
eB9gVQ0R,-0.7430140685582747,0.9963212797353582,0.023327627300308684,-1.074810416990227,1.531291941873652
eMhLFqU6,-0.7307325250519562,-0.7510315184645069,-1.7174361308024053,0.03874858950886528,-0.14857265828650634
eMllg1qm,0.5669520313037315,0.1812656537624034,1.4118065911070656,-0.15626187053394136,-0.7272675672270676
eNPunZ9i,-0.7177644057460458,-1.1282430132315822,-1.7701305180428413,0.8869598926304497,0.11710936626529933
eS5BSM4J,-0.37774974662047567,0.034851989437543474,-0.13048884593179344,-0.658425575582092,1.371450211311484
eVGMFoOI,-0.40044682149243604,-0.08929057388597855,0.8615598066224035,-0.6833899521898181,0.5186112124166298
eaIwb3rG,-0.6056028859577851,2.042495299628912,0.9078160940500937,-0.6702134832685247,1.1241482551924236
eyzw8Vis,-0.8548296634649941,1.2098562180472625,-0.5341611913242867,-1.0265841457987195,1.2750425816525113
f04Ke2bN,-0.27724659541938734,0.6884523810036829,-0.42127196683252044,0.2647854390101061,0.2991014716546887
f4GA0te1,-0.26663695177778834,-0.8237587747033241,-0.38246112206133565,-0.6373285266677038,-0.09597103952764119
f7bd91h5,-0.3936955708254517,-0.3450750150995138,0.3828143069994214,-0.44633687538175426,1.1758689765871366
fB7z9ndr,-0.8280254126788613,1.48720461361753,0.04175415070901667,-0.7806999733862368,1.3515562836258337
fEe7AWFA,-0.1055042028451374,0.26394516010392116,0.18823298315318016,0.0925248124242739,-1.069290911975555
fJJIbgY9,0.2850378011012691,1.2745757421394501,1.7851637760189256,-1.0048686753085039,-0.2689823191377292
fQBURMvg,-0.2448554039342108,0.5903625820932838,0.33382924134741576,-0.41206266966348215,0.8638481429387417
fS0HpOub,-0.414454021609437,-0.26525147094546114,0.054269948526598055,-0.5655844456376844,0.7670520320010967
fTDXauuk,0.24785502061455889,0.46248454575103387,1.4812338816838138,-0.5559995089894643,-0.8930164150935875
favPNA2N,-0.6358202191467919,-0.036412586013640336,-0.9546164656413769,0.6775180277402422,0.647729175714514
g3Fv0U4k,-0.32428272946987224,-1.6111977063402507,-1.6264542531644335,0.9132135453355462,-0.0225128352183539
g5PKo2E2,0.49654905778543035,1.4288462071231447,1.025812520677951,-0.2853256978246921,-1.1753060064072407
gbjnD5fe,-0.2700074714776277,0.11770555752794404,-0.3511602286832478,-0.8308963439315167,0.3958223101067635
ge9zqXCv,-0.320583196606934,-0.11367985598439895,-0.3573132330514086,0.4333863581192139,-0.4703936398912967
geeqJpSE,-0.4459558310589893,-0.38930248921610805,-0.030622313739347096,-0.4783407075013639,0.6511868784500552
gqy1J2RS,0.4113524185806716,-0.008357029285112005,0.7142427234553497,-0.20509176081699243,-1.3545644741210208
grlUtS3H,-0.020550933044717334,-0.12129252980487476,0.29319463158999404,0.5965847252873806,-0.5999094913455931
gx965KYj,-0.13791416922573663,1.039999219520918,-0.22162943727993967,0.1325228397291116,0.0012779355244958435
h3F08Vjm,-0.658724466075099,-0.4782730387673603,0.1494603288012446,-0.7214297188461001,0.5190299326973602
h6FQG8Iy,-0.24731380244281587,1.5413235846808944,0.9452807560685157,-0.852290455570424,1.255606274510926
h7ftM8b3,1.8680050584887586,0.4020937312906317,2.228693351977193,-0.7702754204529136,-0.5914410774566956
hLrCHXZv,-0.06036846265794327,0.18265874989243908,0.8133947172888785,0.2184409145140378,-0.803605752692875
hQ6VBuFx,-0.6909618130428504,1.2713370351790865,-0.11483217659524358,-0.8121885873677681,1.491570292534086
hYoR2y7w,-0.2583718953068147,-0.4949976330609888,-0.5903166027416755,0.10517609129321381,-0.6341335748322068
hf65yZkM,0.30147092489247007,-0.04115221631989269,0.6743086471658739,1.5510240210166932,-0.8202406991316644
hjuwe1x4,-0.3211904475473728,-0.7128687573887207,-0.061280344162335076,-0.662492649623907,0.2504383057575952
hyINlsFR,-1.0724592321129687,1.9002856241596573,-1.1118553204082218,-0.3707082120168077,0.9895564868835216
i0Qlm9Bv,-0.040365165798594616,0.4399386151801557,0.7217461796382618,-0.6577114749308861,0.8470959171115249
i1VxfxMb,-0.15590853909094737,0.45179085423097326,0.5936821672827535,-0.6803323329108726,1.0246751507545573
i2l6jXNP,-0.3298909208570405,-0.15424140560881278,-0.8153645998176209,-0.3313607965737013,0.14299118968445446
i4FgPZv7,-0.5173367524810265,0.5709340653726207,-0.0030989348227044022,-0.7543216684809226,1.072205006747495
i7XtIkSi,-0.29685006227135347,0.8591349581786896,-0.5729966468767491,-0.14756929484552894,0.4211293940726515
i9z346Ut,-0.11182514953930967,0.17087419725618896,-0.03862927436544106,0.7826150322550995,0.4364654905935066
iDOat4cZ,2.18564815960472,0.9021144571523056,2.636552568062263,-0.7986762109527445,-0.5259070879103815
iNv6RoSO,-0.10302550921385434,0.8176912516315984,0.7786215240536853,-0.04605455118799351,0.12432477594127178
iSL9NYzy,3.3496980503400353,0.7149788245791024,2.2285371036633608,1.7435956671347155,-0.7982761834353529
iSqVc1r8,-0.40304727075128666,1.7935802261694864,0.4815140822240027,-0.7489282798564716,0.17214136270791403
iYZMftt6,-0.4796977450313059,-1.184333902221607,-0.3178034505542844,-0.26622986572307594,-0.8289462912584471
ieTPaa3c,-0.21958960031974561,0.17614489338489686,-0.5342457943035168,-0.0084424947073507,0.2326391378654229
if7BmzU0,-0.503495722553575,-0.49659725278889394,-0.09521054242223204,-0.48258277566182395,0.729478461451134
ihNz5bmx,-0.19104920986635954,-0.6869065452820313,-0.2785334076663364,-0.08269911946006303,-0.4354692621017573
ikJXKdIN,-0.5949863195554157,-0.5155673242176728,-1.09995492100085,-0.4677493916163935,0.7987905172392216
iq2kxikN,-0.21857118757929572,-0.9540120354267756,0.2469710848936162,0.10141471238068389,-1.3231573876655809
iuZEDJK7,-0.4585463772453262,-0.3890544619243312,-0.09996061416124902,-0.5061903818108382,0.43005911190358326
iyF8gVT7,-0.8656360567224624,1.2429265403458827,-0.25614603236151634,-1.007682645437738,1.3580175247950288
j06qdQ0V,-0.3139585684063806,0.14484222808790853,-0.27866053780254396,-0.2506213531147221,0.47752094699422565
j7hl8svO,-0.3897176229808036,-0.6098315309637667,-0.04830631482799297,-0.241603044720615,-1.173380885211133
j8hMoJUN,-0.41892243573864185,-0.5253148912604331,-1.1812213787143484,-0.563179786445068,0.25404331755427356
jNaFasbV,-0.5076999542627427,-1.0281197312722268,-1.144133614198793,-0.060911792862847536,-0.9468188616174082
jVVHeYHT,-0.4771082198122357,-0.3557562965724796,0.10876226911015618,-0.6011437862306073,1.0842728674588986
jXm4ySvK,-0.2924498112757412,-0.4289067356161211,0.10822157703086455,-0.41287027016507816,0.37420085372267065
juO5ii5l,-0.3446175172104735,-0.4353025232902847,0.05406895485133334,-0.7677305057836419,0.8145537273107997
k2hdEBsU,-0.4642666805398056,-0.22777426851707422,-0.4685969857477368,-0.681885388048149,1.4137040621205041
k3ynMfhN,0.5073914341444834,0.7247201700956698,1.5056296527212643,-0.6000374959684498,0.40931732641359897
k9C9yBtr,-0.037335895923834794,-0.08837199512256139,0.6327570283439801,0.4008746104491354,-1.2724163936818977
kAKRvcRo,-0.3837543290391723,-0.04066393099195115,-1.59150681342961,0.5254307697327385,-0.9391448541024652
kBi3R2oC,-0.006047413091885279,0.05120778346089799,-0.4744806684217544,-0.39602309904971467,0.05880005752342332
kDWmnsXe,-0.009863437481333115,-0.4527531457989908,0.9521005414170056,-0.6526910119849663,-0.04963416049076663
kSGBd2Vh,-0.37772755258769686,-0.44134001843536436,0.1410451236038459,-0.525895203922004,0.7209931982069351
kT0miHPT,-0.19390240427438998,0.3898354074096216,-0.3016564177626193,-0.4667268068951098,0.05491437885447015
kaW0TfRn,-0.43470103578240205,0.0830376648430467,-0.4948417082261869,-0.873135734057624,-0.015134206592612998
kmg3SowO,-0.40813494293107244,0.1823762633608646,-0.8832067485877009,0.7107357644918313,-0.12518801120929757
kpxKSlnF,2.432383319009566,0.5938114749537802,2.1586813710470505,0.1994120070504808,0.27704500836493473
ku2cn1MV,0.1648800056004338,1.6130471612033175,2.0009442932484385,-0.20665158168810405,0.8228754694215923
l1su5HU9,-0.44775490711547183,1.1528503416511138,-0.7012837327348065,-0.4354717195805451,0.9236703030275655
l8Tg2RvD,-0.5735648016929145,0.04749029327994353,0.3156847915276175,-0.573958647930866,1.0992834469736652
lB6NsVOc,-0.6249564139359918,-0.745210407853987,-0.5039408202757698,-0.7318958823102055,0.8557753236385717
lEcdVyKk,-0.5049780271111282,-0.5264532546770739,-0.2766956211551346,-0.6461996189856607,0.759194231463207
lH4TasGl,-0.08066547333306995,0.23640726200078116,1.0799259484065413,-0.624786306917017,-0.4736652876664469
lO9aggHW,-0.1327750565594391,0.09339702522018217,-0.29595287213189425,0.16773070364115483,-0.13412283401502334
lW3m9Vzu,-0.5217080224415978,-0.19301964376405295,-0.3580734069069391,-0.2730918702131335,0.2526324100940547
lYLseGDP,0.00128039724198592,1.9943396934076782,0.9121027920143312,-0.5368813540892656,0.9762357397127113
lcOnCdZi,-0.1667167373733025,0.48416568733272164,0.6232636574305068,-0.7115570408207454,-0.48227927207731414
le9YGwON,-0.11308432495182075,0.4740890869438766,0.25577014848821356,-0.2128334059625372,0.4530580170981251
llMvu3TX,2.4966926817201545,0.2013566793922162,1.986204334046592,-1.6950388529328642,0.27404183526747716
lnHh2jFO,-0.32245604997126154,0.47820442302049343,1.2169498021422085,-0.6993265030587232,0.4052947827011535
m07CVXd4,-0.7947105284436273,0.7709787526018592,0.4959588889158919,-1.0018593394728441,1.4878583746315726
m1lPk91z,-0.26409704636802933,0.06317595498507372,0.6091922103820948,-0.497768317329089,1.3821699543009538
m9IQdmwa,-0.27727889306740594,0.027929960477313387,-0.3033921190262665,-0.4586766806516396,0.8918765620544635
mG9BRy5x,-0.6998626702408688,1.6863731129715192,-0.9132070940962003,-0.12048306548475485,0.23830152026166251
mVHXnama,-0.47975319323160737,-1.415202667098464,-0.5379940959581542,-0.4400719631574077,-0.42916871980898974
mXyrR6nU,-0.5293911731036437,0.8861205803717989,-1.2346047066740622,-0.22319837573716916,1.9306482849486855
mbzNdxNc,-0.29449127919572005,-0.4306500208881158,-0.3802098683207549,0.42481965362481144,-0.36100960023670625
mntH7g3L,-0.4246208327176747,2.0129811070405275,0.4458215205707974,-1.0405950416846288,0.543650490189356
msRTXP3H,-0.15988367369286782,-0.1618973074936833,0.2923719311889499,-0.29720172484757557,0.3878926821257087
mxBjvIPR,-0.4195251236942641,0.5382734730056618,-0.6555938476805794,-0.34464927456677863,0.8232298987465885
n8Opmfbz,1.6715073644608867,0.5456515978184318,2.8270399350757076,-0.37185282329781977,-0.21301835614727493
nOkgU29Q,-0.4304894204295995,-2.2026560298185296,-1.6544059520194219,-0.3710351132162133,-1.8354690567378376
nhttf7VM,-0.0016953789802234276,0.4611195802864912,0.9366978200898732,0.041403667702543334,0.6175867451864787
njLbXYa3,-0.3380387051773811,-0.36448619055922266,-0.09800739742628806,-0.6530104725355019,-0.3166558788405027
nwkIpzmh,0.5638553283438925,0.8497916497145701,1.6828181753342204,-0.20870540077287103,0.3540726919269339
nzB1R9Zg,-0.14204563484146948,1.2167743782053713,1.0732106262218275,-0.6240266015564644,0.11961949781700554
o1rZRI84,-0.8003082481292797,-0.04212493894670705,-0.6118926842261792,-0.7794936740186595,-0.11555209159928581
o7q5Mbty,-0.02885421160584012,-0.31913447844326254,0.43209413661626184,0.20688740039236064,-1.3976494508033988
oCBvysqB,-0.6470657219078193,0.02320863536455714,-0.7200971078516509,-0.669334713965787,-0.5754299755284034
oDmycTPH,-0.7287362306125702,-0.5670107857197564,-0.7044746750728803,-0.547306314534306,1.1539565762862176
oFAXZvQv,-0.17644857848557638,0.28328990868587073,-0.26417214471858164,-0.6213480251855668,-0.5068211875520003
oHE3M1zX,-0.2814571899281373,-0.29900758577133385,-0.22042868234228563,1.2003072999864466,-0.08509875763588459
oMhVmSpV,-0.03760735223275913,-0.3317020338739087,-0.49665061850378156,-1.1660462279455976,-1.7304180573826928
oNsDqVbi,-0.07498735783222577,0.48639709635310197,1.5295342753430774,-0.846271899157768,0.17081716075557196
oYAJqQk8,-0.3841985479565799,-0.6603252499290277,-0.4658751458216952,-0.5600180985710304,0.6164830086752824
ob5Kb6dW,-0.47563670944356484,-1.0974925293865574,-0.3235219287862312,-0.5117097624104865,1.0843318061147478
obnzqs79,-0.5240129886291052,-0.8087561371490366,-0.6622013277706127,-0.46247737609261996,0.19689894030955246
oncLcgRP,-0.11018948200837542,0.3287336294492172,-0.21117024114936345,-0.04624130755641853,-0.3746503845996181
ooWVYaAe,-0.2913334614610106,-0.173265153212873,-2.2359742778071823,1.2905472536137732,-0.8233789425265121
osdyOUnV,-0.5933315674419825,-1.0541787892448695,-1.6341870800000693,0.4523094527630498,-0.20398352198403935
p7H9CzCv,-0.5179508573138489,-1.4769246036782693,-2.115118354276815,-0.33036669468372004,-1.0406832355223499
p7U9hVhY,-0.33532244873401096,-0.49957775351873906,-0.3669551126210788,-0.2400129306519312,-0.021244233228296716
pE6Cf1RV,-0.37381909479357966,0.8735650311399203,0.19736515605565108,-0.433681126402667,0.7499203340202951
pI7qzotI,-0.6871901268023363,0.5194956316493713,-0.5404240792725303,0.322125406156305,-0.8930081066502338
pJrIA4sk,-0.3349868480060324,0.22390282519649968,-0.5885004075404916,-0.5895363012079371,0.040872207674753414
pXne2CLZ,-0.5163061951080019,-4.951297085398635,-0.8075748481356764,1.0649822909548856,-0.591719709846205
pZMcDIOS,-0.28073715200767124,0.08734548380904555,-0.26953556408852397,-0.6499544716256689,0.8955074421246578
pavfp3cc,0.08500056760953467,0.13001119279157908,0.18321638181819044,-0.1880418867451552,-0.5335786785774816
pbQdC5L3,-0.8337592611085529,-0.7419112833503438,-0.4033700661398161,-0.7507370446113186,0.5513364385081343
pgj7aAFP,-0.27786972433357604,0.4556034086438088,-0.22367671534427802,-0.42662562162185447,0.2745593447358339
pxg8G3ed,-1.1127870204980523,1.8635008197626342,-1.0274420870978094,-1.1242549506710273,1.099409287274725
q36Npk6l,-0.8197796242785431,-0.8445162882111681,-0.8438668115093975,-0.9714698248239073,1.1743615938368575
q4aDOVvq,0.5064535841078126,1.4517484729467907,0.3892588065977962,0.46894034421849273,-1.2638964162570485
qGmfR9CN,-0.24776037561098985,-1.0090266289984642,-0.9263485654723536,0.40365921581230224,-1.1865899303598912
qJ51ODpA,-0.31792441441636154,-0.13224637801428835,-0.8879860231223671,0.7383464461743736,0.17934074805859024
qQX3cs3I,-0.26344874485152747,-0.03385996006897035,0.14898483762580583,-0.43095576259104273,0.5347349245790984
qXeIxPb8,-0.351217293255213,-0.3147520602342861,-0.2641402203497323,-0.28953446682507256,0.701064172159185
qYQ4MShM,0.1402931290755125,-0.08710297594502475,-0.20930771202691312,0.6924910430776716,-1.1854683047044856
qa0etnhK,-0.24983131947421966,0.5530737760604423,-0.16305430742650562,0.02926718834272024,-0.5549942548706637
qbL4sboq,-0.7811761211813326,0.5456211918843084,-1.0661515916739701,-0.34701429932793193,0.7169537067506428
qbYrsWHq,0.5546610625227821,1.040715080708581,2.2736272377626565,-0.18864033395858582,-0.215579331210918
r1zmcUqQ,0.5322649410614242,0.6029441177632109,1.182205340730683,-0.6998489523342384,-1.037802827438204
r54iHeQC,-0.2705753978076926,-0.13813503303475522,-0.05864605471815798,-0.43862954924186415,0.6215192453026446
r6xrAnQV,3.4443826458013085,2.5459256487349857,2.074381105240798,-0.35080154014793985,0.1800914382693677
r9HxnQDg,-0.210067636430324,1.1416671217376717,0.8443987896898724,-0.13818119248593197,1.1250207086290793
rG8Puuf9,0.6995065817191215,0.8160625907534282,1.284723461801993,0.39637760309541625,-0.7608002501892306
rGuiefuR,-0.20916396993026454,-0.4975637244928774,-0.8560419678083189,0.03602633717363113,-1.37058612160575
rJ19OhGP,-0.5214633575042927,-0.017184605710043044,-0.34669335172419036,-0.7512736909575182,1.4484898903562435
rOCYepHd,0.12214839112305698,-0.007224753010558416,1.0058085329234336,-0.7313630042121688,0.39540500542004775
rQJaOPFI,0.24562871398997332,0.006421959153517787,1.3197079442099886,-0.7536423366007994,0.13660571594365667
rQhZtZeh,-0.2641412550347948,0.8922745946984121,0.37050189551487467,-0.5539837595486148,1.0494075207048514
rapmok0w,-0.442951452354596,-0.13856659134441757,-1.087627911266255,0.3354931275266937,0.4165688395663445
rgzfnPVu,-0.32359342016353443,-0.12314848209873624,0.3168120019643432,-0.6162720140988203,0.8309590924808534
ri4qhb1S,-0.4396601887371465,-0.6627526966786961,-1.2624991299533204,-0.6496040032197667,1.5208707690341654
rqpFYzff,-0.6661684154098217,2.6409350755948027,-0.8261426947527164,-0.33295817258471017,0.07637360652862268
rrs22coX,-0.4887458754756778,0.1963135098086311,0.04736644062487372,-0.3005993374311906,0.8096837488035182
sEeUCQLc,-0.5892855403236472,-0.5675363733716405,-0.728328083459713,-0.4809301077696735,0.626309847312063
sHScwqQl,-0.7703079837427812,0.8395952280197518,-0.10210973014908498,-1.2325122767678076,1.7846141319164797
sNC7DiAt,-0.6554797429895045,-0.8852509893580336,-0.4530920357332211,-0.4935263143272808,1.0944226650812459
sNK2TSs3,-0.7066703039235648,0.5588912750077057,0.17896396181969298,-0.7099701331296435,0.7012764445978492
sO7Su6uw,-0.7415439916065221,-1.1273033938283843,-2.2134768030507788,-0.6121237413053588,-0.15886715413901475
sOWZx89o,-0.5768458554037571,-0.754929170775134,-1.1237059641264355,-0.8393103728750506,0.5386261505100263
sPbRcPjC,0.12074861005709558,-0.10330403834110918,0.18787214948554953,0.3559166548728132,-1.3621839671054878
scVUfTKI,0.5951252560867635,4.658452444961281,-0.07234529486217922,2.5627284542284756,-1.393386534956213
seRaGeVv,-0.39233203924164084,-0.20680694142365458,-0.158139983502686,-0.32071865835218993,1.3901597040169003
sgtwiYWi,-0.42326870754672474,-0.18635336293018473,-0.8432501644786548,0.03329603249605895,-0.3383907055762527
sjmLHcT6,-0.5017754428310313,-0.2572709717724286,-0.4969525392468237,-0.37745172000862137,0.5286878173870344
skZUZZGS,-0.5797932675074317,-0.8549124713643514,-0.39454332600550246,-0.6367614038331131,0.6162311567088921
suAmzADX,-0.16388459628539787,-4.087091036225644,-1.4916298592370871,2.151642052837242,-0.6619942574938855
t4GWLqlO,0.5255605425679819,0.2279570432577825,1.1152240980558406,-0.5185392488379099,0.019603168525037296
t7gy6Jyy,0.2936964793782679,1.4668249388950028,1.7280307223706266,-1.250362703688631,0.365286959331516
tBadzH60,1.9792182232861448,0.830622042587913,2.2818192457529065,-0.5959785674296323,0.14530336219161177
tXUWm0hp,-0.10974623632128055,0.23132431904632106,0.251615583976615,0.5696299442158863,-0.324706591336166
te6UPPxf,-0.4716052758607985,0.7209497799198721,-1.011611818036745,-0.9093834469586866,-1.3528744127194112
ti2lamkL,0.17273505516969645,0.14035908847830864,0.7848113433738779,-0.3048817784137823,0.27888021695013077
tr0lpwuU,0.15871419878564086,-4.368129205440376,-1.612759708043278,2.6412269557086976,-0.39294090682737903
ttdB5C73,-0.47356503330080113,0.4321408973926027,-0.28417709900552235,-0.2748246911170633,1.4595780663420477
twS8YZu9,-0.39120323462845596,0.6705381649088074,-0.7594831870727197,-0.8653026316038517,0.33854257333920423
tx68W34H,-0.4275638537846267,-0.9430196741284191,-1.2472006223840733,0.5057653302685923,-0.7387211165809091
tyQSX4mY,-0.31851205401055116,-0.31430734782826225,0.009759087527278831,-0.5764877649412186,0.9164113151112254
tylKCRc0,-0.3161925341817642,0.656775632881103,0.17591628801338133,-0.46319308510942614,0.7509778973055958
u1544WUo,-0.5272392475119868,0.7172898315926031,-1.6467041297195977,-0.34364028249459944,1.5554896114744807
uAw9an0d,0.06341686489318255,1.3882004196638544,0.7595456668044214,-0.4500394247768793,0.2584258299767439
uLZAEXMG,2.3127874209794106,0.9997187971620678,2.365916257381323,-0.30558262685143545,-0.4851193476226825
uMwe1s7I,-0.5996726323620006,-3.843497468936365,-0.7412098720306306,0.5032394863112921,-0.4577220684189376
ufhGeV3q,-0.5544782081932655,-0.7802669777192832,-0.22144251122134828,-0.7547005777743854,0.3073051924733734
uhAeGBHo,-0.5746308486746008,-1.7322390752119483,-2.267965141787572,-0.6005177597426821,-1.0310440745190814
ujHNlqpw,1.0665208019805308,1.8046301526255502,2.0181744693592316,-0.07114657123861567,-0.6740001250177039
ulV6kuhB,-0.3057199967156069,0.1691555113105248,0.5111212113891241,-0.46007628138358925,0.6089747700677977
uohEnNEK,-0.4913267971020212,0.0293654306138616,-1.5475359730020413,1.038291249904534,-0.7609429321970074
v1lhA8I4,-0.6055422861160971,0.16894683577828246,0.5818431229228185,-1.0488720230730117,1.180632235947084
v3JzigLI,-0.7915130051786249,-0.7374754492123576,-0.5770513564828976,-0.8227499486915613,1.0654207652446617
v5IwjyIg,-0.6644821067365118,0.33195834730382795,-0.8367797534417936,-0.6025842088763156,-0.5227752581395364
v6lp5TK1,-0.2967178262933299,-0.060845429443001364,0.4468311818394166,-0.7887490830251189,1.50150316665129
v8vOaaWq,-0.3123826819330032,0.40485825844258577,-0.6139661774639047,0.5193079921843884,0.2575512079072273
vAYKtoil,-0.7795324585526817,0.6999782245755253,-0.24748461071992867,-0.41498322964811374,-0.8987443386743414
vGTNQa6G,3.0553868268639395,0.5221971899561073,2.2497985499422786,0.641989125070028,-0.039206131445597814
vQzNxHoL,-0.7162758678188395,0.7524288215770671,-1.1534296880363442,-0.7801146924880054,-0.8873761292116893
vfZGBUJm,-0.23271801852401475,0.28289692118128534,-0.3050720224905896,-0.10482055736994522,-0.007299391832148006
vlooVUoT,-0.32505557374261174,-1.8121785169702986,-1.7225612615649004,0.35918913924023244,-1.5940503933639893
vrACvd4O,-0.41316650090247176,-0.6069241435896557,0.29780972890025237,-0.592064412007065,-0.32796726762567485
w8hdjLwb,-0.2714009367253345,0.782277945129046,-0.09266534363472778,-0.5680351112861026,1.7926852407219809
wAntv4gH,-0.02356152581429849,0.7785426539584785,1.769579269834618,-0.436160557105143,0.43186399911517515
wIUL09q0,-0.5826740776412134,-0.9570801114765162,-1.218360721765731,-0.614935062015578,0.44149074189941717
wOzx7Fgz,-0.48028227266741286,-0.4424260107928874,0.19046895892668192,-0.62232747127825,0.3296014444915236
wPhjhCJQ,-0.4291094903685235,0.007289827873420862,-0.02446919679470283,-0.6283184026176012,1.2358943427169928
wQSWWmYB,-0.3389247190943667,0.6201642762774171,-0.9065396529113985,-0.3439260179157877,1.4927496502984716
wdIMrXwy,1.8875463884333976,-0.03562131611840841,2.1388444249506406,-1.3687504960655863,0.23935958200681462
wiL9npQc,-0.41291829322841744,-0.7436551248180396,-1.0402555373678621,-0.7498365702666465,0.505132351138992
wnU95Cxn,1.9689075046077533,-0.4893782822281742,2.352993163529223,-0.5391611907582154,-0.5898888267097433
wpJbbjJs,0.09657568666277094,0.555409601356301,0.8746717374849744,0.009559325365035676,0.4788761450624539
wsOWTAbI,0.9409311267603326,2.341671100643284,2.108699413299649,1.0083650337387784,-0.7562892608827598
wtdBcU3U,-0.5161814634049169,-0.18573922857358366,-0.17061854729100356,-0.4815752525292014,0.472165895689167
wuKXVxOc,-0.7727611847193351,-0.6201442096237197,-1.6651992247567013,-0.6138101849521256,0.466427901684096
wyzadAt8,-0.45579826296341963,0.4824746771685134,-0.8083613977118607,-1.064265816591218,1.2867371474950737
wzaKzYwi,-0.0412981859574304,-0.874502158640605,1.5364285827830524,-0.8749625737917737,0.3951588935935262
x6GCk4EV,-0.3329991293119311,-0.2910024725430557,0.08755934483142003,-0.40713506302301594,0.30301237719760166
x6lUi3vf,0.2546634913787531,0.062196231274265046,0.4850273280957065,0.5429654329533102,-1.28317054881259
x8mwDHv9,-0.2799413858806359,-0.1701512349563356,-0.01019528435421635,-0.35328138089216976,0.12511973055975467
xIYm6puH,0.49956488530126575,1.8949741965264562,-0.23611010920088904,0.3950446463725321,-0.937034391103656
xO6UdpsK,0.5565254613972725,1.6065894752235501,0.20326058173061035,-0.570997897554228,-1.0677428893747714
xQ2bkOvj,-0.6601198424630924,-4.7647918030373955,-0.613447176488074,0.1772135421068426,-0.6448096008863731
xeXyDCEQ,2.716477857717954,1.615396828291533,1.708188484413278,0.9822132015502492,-0.8371339391415813
xrggHziO,-0.20575005525074852,0.3035237024846345,0.1183435528182557,-0.4125296975257786,0.4050419341532969
y1WMCmqQ,-0.5053187987547039,-0.4231226363216389,-0.3414664738744877,-0.4463259718330832,0.4435670459577963
yDngezhM,-0.3664709003992601,-0.5148030461562862,-0.5649320697128968,-0.42233742078068737,0.05357603090368457
yLiFjMD0,-0.4652754957049281,1.0868052556588845,-0.35078493081854956,-0.6502475982060547,1.5286396881340638
ySwEBO7w,-0.28546883904221965,0.4091570327649133,-0.9204317179836388,-0.6248855488587202,-1.1323822116384268
ydC9UsSm,-0.4799026256772081,-0.1048196649615078,-1.4142530360380234,1.1570404122688107,0.1863668785297894
ydEG4VBd,-0.3630618216240157,0.5750196724193837,-1.3645698534747306,-0.0989722434670186,1.4795921648201171
yf76yWXc,-0.43366645176968166,1.9976326356140237,0.7052947387421591,-0.7165311551532367,-0.15178762137748647
yg70e63n,-0.2852287736199084,0.28156599907453145,-0.805113953782626,-0.2334886323925982,0.2783083581274792
ywxtlSKv,-0.5866459307463324,-0.12740751444597515,-0.7317074596017308,-0.8596967394894532,0.17555466608918713
yzKPQPOR,-0.7010115372580243,-4.872713961887064,-0.3366840005362588,-0.39666768202474856,-0.6868610180934758
z5cnOnZ1,-0.3888487180957384,-0.3840335164456447,-0.1829712147573146,-0.5531138689512409,-0.4558129824183108
zFLkOE0e,0.28744542471810175,0.38637755549638736,0.7756380728835166,0.8110298340819221,-1.381560738176616
zGi72mxL,-0.3388924670879555,-1.2614469844172171,-0.054182868313465304,-0.16108259648634626,-0.8737299778371959
zN925UV3,-0.35631256447189796,-1.4615365368192206,-1.3068493017844303,0.006023046068728499,-1.3119057184196208
zTy2ih7e,-0.7626476569087834,-0.4181861209731614,-1.3949032021681658,-0.795888537473552,0.35614197761332234
zVFzAutw,-0.3819515454702609,1.256657495646235,-0.6457193096562366,-0.40176954904716444,1.1259628626549312
zYxNAkht,-0.48871751631130866,-0.6015401461726559,-0.8544593992334037,-0.6430403459127989,0.7827606496327175
zaWDBai3,-0.934079726204063,1.8213182822091516,-0.9326306552941432,-0.653909662172683,1.3692375722938557
zg3u0Zsx,-0.2169557673453738,1.1028821881291029,-0.25407981391080914,-0.041812471573109855,0.6347768582522755
zlwLfdsS,-0.42460897322462365,-2.311679630849268,-1.162483223947678,1.2102552110376688,-0.28895486918952584
zmbKzVfl,-0.6878701405824235,-1.1797019518059908,-1.9304283794881825,-0.10294935660247817,-0.024254337531939063
