PIDN,Ca,P,pH,SOC,Sand
09gt9UK5,-0.48069400842862997,-0.23480209899547655,-1.26592722317746,-0.6394789421528131,1.0084723389679695
0BVvxJ6a,0.40251833761274547,-0.05715848035164062,0.8453195796175343,0.2901429176203223,-1.1972461031816763
0KbdgApg,-0.12609329325008112,-0.1990297655535975,0.14466672830549143,0.2739148721482323,-0.9026178911556215
0MnuuduB,-0.34368908686454525,-0.2521225735606417,-0.13451156623141358,0.26822044739810025,-1.0520346923337982
0PcIsF9z,-0.5277560274293212,-0.2202341873141861,-1.7222811381960135,0.02447523983234845,-0.08390261520685982
0ShTFLYJ,-0.5503056614157646,-0.5024006834360031,-0.9200705034707433,-0.9261442530511417,0.4223369131443562
0XZh9jka,-0.79135152905795,-0.14643570158673225,-1.165214948088579,0.15906939915273455,-0.9795202142311226
0Y7Wegri,-0.3242958257330617,0.0687186740375601,0.06839180858896654,-0.18355233458427023,0.39689706154035065
0dTqplIM,0.22846724085897385,-0.2384218250233322,0.7095837120579738,0.252099190787753,-1.0535856163530823
0lNiZicC,-0.4913992057594516,-0.38262422954138764,-1.8105639766798056,-0.6328037557233799,0.17346760030226704
0rGeJ0QN,-0.45604872463067814,0.04393780366656752,-0.7939761237392311,0.18286443912577255,-0.002432571080824175
0sXI9ytQ,-0.47103948040117594,-0.28247860119171214,-0.15167156666557347,-0.7479472799237001,1.9355349902959844
0ukt4aP6,0.4226136123515669,0.10023651143298096,1.6721051181031719,-0.6388968656205876,0.23937563302001053
1AGspb8f,-0.4103643832659447,-0.569835157388659,-1.1590080177391435,-0.11321484171211438,-1.0533779622690034
1Csy0gvE,-0.40968075109955926,-0.1628699042963293,0.1339773728070206,-0.6298348040250588,0.7528444024671828
1Ic2hly1,-0.38455518174922254,0.04574501630909544,-0.5492886040190577,-0.20968077645887462,0.48354217324935433
1PPbaTwt,-0.4698423940315326,-0.2343765496498157,-0.5821220653977441,-0.5087506237590347,0.48305717381003177
1SO5VJNy,-0.35705493679231104,-0.08147954372959065,0.2202459316324159,-0.3692920426302422,0.6472764116594973
1arHxK3Y,0.8212093323710103,0.15331080273316278,1.9263190244348145,0.17879160863136434,-0.35593188003873166
1fCW4Bba,-0.4571990267997723,-0.0022272229560209023,-0.8156640526374765,-0.5379926390816152,0.7098666598878864
1qDZNvIm,-0.41573830444045434,-0.2954160492466375,-0.11983954090992555,-0.6380292539906165,1.4856083326401333
28LYJC2V,-0.3828779213360196,-0.2267361213494673,-1.041480926232726,0.6654543121293202,-0.6561389593323455
2CzACvQq,0.5831110430229653,0.19387668638211186,1.8752331246598253,-0.2906189516887494,-0.21047185698922277
2FT3crfv,-0.19940619299305418,-0.29229771843290575,0.41589326227058265,0.04450645960422861,-0.8450303502752448
2Fy2uHVg,-0.4712119121245184,-0.29266897504647427,-0.6021670367588747,-0.5404071138538669,-0.449865433011162
2MkMEApm,-0.40754348018916353,-0.11206162289027888,-0.3392163392562004,-0.5556927665755111,1.1989377109109611
2NDGWEOe,0.7567340434008809,0.49869879948525664,1.773475537373269,-0.7143007184228409,-0.04007449645838079
2NyyCiqn,-0.33324763663509493,-0.09672932327702355,0.06965128147039579,-0.3753165964138603,0.589177446358228
2QRzIb84,0.24507228358660704,0.41465147038027517,1.9026415422378697,-0.3882112049150308,0.29425856657712046
2QcbdrUZ,-0.5169764974485549,-0.23970682311546213,-0.13647766714875686,-0.636868294132519,0.8943382910203965
2YgAimWK,-0.3790177467563769,-0.05853677546500524,-0.21213631750997664,-0.5260117196935212,0.7978555802108005
2cx85d9H,0.10537047626851681,-0.37199314950982243,-0.14362674134627085,0.43792184240562193,-1.0837388011320925
2homMXMV,-0.4926294135778182,0.014312586677722172,-1.656621029731287,0.08038823424714536,0.6908579391599616
2ldLrUtq,-0.482281336884542,-0.3430507676578177,-0.16268731546351844,-0.5056399672584249,-0.3920158698449612
2nsACW6G,-0.31883879572777296,-0.44799180618057655,-1.7801867953710833,1.0995634310236042,-1.554727930602219
2yMbVnWc,-0.4998664413892886,0.18449247771643573,-2.119186429728689,1.6658209807716204,0.5062883258230997
36r8sgGQ,-0.40810757127442976,-0.2621946074238619,-0.001596821606472787,-0.6353829679020677,0.8012810595412176
3NXAXCl3,-0.40812968402738825,-0.3603696818815646,-1.5421132996614695,0.4506685352394797,-0.9181717791173085
3QG0z6fl,-0.4705534687452957,-0.36657041682329305,-1.5631012115207348,-0.6101104805338124,0.4371196706426801
3WS8R9qm,-0.27939482415641415,-0.4382351096882574,-1.6896236162172507,2.0801525671308454,-1.1929508689065713
3fRLm8f5,-0.37628515873896795,-0.11106564724638812,-0.28275251928043943,0.12272837066188202,0.27431549193737936
3mZhp1nQ,-0.5291183642437165,-0.4314360141479445,-0.3956199494548862,-0.7457129785574423,0.9681255588536644
3pikJXRL,-0.40885307011117966,-0.3392398954226551,-1.858804941528252,0.552849933805355,-0.883620584454782
3pxOEGHL,-0.48498027160215607,-0.33129368096405176,-0.5039441588794951,-0.6410174835207627,0.7803323316054431
3ttdV3f5,-0.4319336190538383,-0.31363700587272536,-0.5002890534668047,-0.35697033579116777,-0.26261586094802425
3v4X6Mfe,0.9090126310678368,0.02186244661135095,1.6905411815370819,-0.5337025183623112,-0.12339152254367747
3wORuPiv,-0.4885380747976189,-0.31247136192690494,-0.6078469959482398,-0.20810430432752725,-0.8834467851572825
43EfrxZj,-0.061387988281838446,-0.2147700164120644,-0.5126687391928506,0.22634682136455098,-0.5134719593422759
457Vwm21,-0.03415395561236956,0.03941770069428119,0.12787895782294,0.5365750593426171,-0.5761607980086936
46KNnOdx,-0.5466057236793933,-0.16850949745220378,-0.959469186798561,-0.02634369467791231,-0.16135940069285226
47TwNsVC,-0.32240783157888764,-0.37234340205341765,-1.6324249397364845,1.40107965445943,-1.4886799493681409
49856RpO,-0.4209982545582154,-0.4217108767588208,-0.8055058411571743,-0.4366203798753716,-0.7799662838235761
4Ane1o2N,-0.4017437993192363,-0.4000497954736514,-0.3382145773537566,-0.4411705162734805,0.13856959247254252
4AyVUgSc,-0.582195396322648,-0.3433815673039612,-0.7085535030544641,-0.7793110009711128,-0.05703983860826867
4B1951On,-0.2319917882990996,-0.2018943231266893,-0.1424362408286477,-0.2012269659407835,-0.06902040890805239
4OL39Teo,-0.1275010422801035,-0.06321631547488693,-0.2718417793801571,0.22595381160459027,-0.2670067413948871
4eQ90eLY,-0.13457886435699784,-0.18786721185330457,-0.29226806306160213,0.4463386122507629,-0.43849324000326106
4o5jwMj8,-0.4160663929249342,-0.37229759528946105,-0.6093894652856768,-0.5946004640199547,0.17458470381483693
4vPgpl2c,-0.4245502052979493,-0.4021362998519088,-0.27524409128618643,-0.6686303412611281,0.5893927356544211
51r9aA0d,-0.47072114486454275,-0.41771263587581753,-0.29295030119446963,-0.9061871743245078,-0.06335723738698817
58SmeRoP,-0.19816610904436693,-0.2778442896941017,-0.001114203450743645,0.10896627207977616,-0.48410573338811247
5HJp1AXn,-0.35550491751885893,-0.07977412287040064,-0.8808381637061764,0.8755344408453354,-0.37508359650178846
5MBZW7fx,-0.21164611011781354,-0.00841890631462594,0.9590903909376713,-0.5068812750934413,0.1412603806882018
5Nq3gHaP,0.1364753400008265,0.2076618849993802,-0.07863597070700123,0.6875429503070265,-0.16209085100377507
5RmwFFK3,0.4668415306823288,0.021491883155464353,-0.3944031185727006,0.2752600050108853,-1.2136380454715052
5Tu5Jbov,-0.4569114890866519,-0.1502538285107139,-0.4248548303419746,-0.1066551134937086,-0.5379920675561678
5YEolkev,-0.3413716073669395,-0.3808299117838986,-0.3055244290006165,-0.4100276193131336,-0.46002947078410017
5a8sf6QV,-0.06552873355716038,-0.19135832701263022,0.6201100236650738,0.15883515862575592,-0.9008036663256078
5eSvmqYm,-0.37596561778454607,-0.40538775128435167,0.05355155467095685,-0.6220124705839751,-0.06694935479777797
5hkN8fiv,-0.32065136968745556,-0.2369547357453553,-1.2651540311924698,0.9596376533338216,-0.6630535887891327
5oK8Gti5,-0.48811884418913287,-0.18183750957808187,-0.6630360548786491,-0.5750969404354365,1.1687258494750878
5paniGaU,-0.4610183452055896,-0.12913221268106545,-0.8970877057579862,-0.8296854220647205,1.771570492486937
5vsr7ZUP,0.5796839609374995,-0.22875921673858446,1.170877128335814,-0.19371727816102435,-0.8393257367245113
60B4xMWI,-0.3396621910332289,0.02004656004572325,0.7009172115451285,-0.6467360420802564,0.774302432216011
64jOUtKy,0.20150262743899638,0.0657140020824366,-0.5338070123832956,2.234860033836945,-0.9969131948566954
6AJo4xNG,-0.43754499292961846,0.03563128655948444,-0.638978445496651,-0.03124812736664495,0.35193730321883976
6CAvhEte,-0.40502509445710366,-0.2319576310795256,-0.8586828755394897,-0.29379097976434565,0.3898388462441673
6CuGYjT5,3.5889149767026236,-0.47842817541616267,1.9511107410364268,0.7000666562054434,-1.4654130478322784
6DGH8ujZ,-0.4155742019487736,-0.23618488407864835,-1.2416939637130788,0.2341892838010935,-0.42790966662756347
6PzsGdVm,-0.3178741392203239,-0.1362246448070935,-0.5700079293745155,0.45488921793599246,-0.26265420382674876
6UcSJMbq,-0.4134230069574034,0.04607705926732375,0.9275944816092299,-0.9571495390549458,0.6183320464040136
6WJbkH8U,1.4095776294076057,-0.33419414598541686,1.8397047644613842,-0.141999627924271,-1.0705726271442089
6eUWsVzw,0.5095571331667923,-0.24652035449723764,1.37385074100548,-0.22849305181853907,-1.070598956609281
6gNyO7Do,0.09422721943187007,-0.23779000542913797,-0.009911026567170467,0.7420173169871376,-1.0333502629048397
6jT0AyHe,0.12931689723583695,-0.2887834865664304,0.7613871703762918,0.3966483256206388,-1.3818694902054247
6nBgCvWu,-0.5525455085206961,-0.24738094811045397,-0.5975116713159885,-0.7510877621082201,1.3626824308810157
6ro5mqg6,-0.31253041038749707,-0.2618737445811187,0.21520531016012612,-0.3636209573280169,0.41995730037410084
6sGqObX4,-0.5817697838136002,-0.35837779761885225,-0.5642824180193209,-0.40913097977323076,-0.8396055031819358
6uEGy0n4,2.0745839723052466,-0.18710224306274814,2.208626281579381,-0.5356914555995402,-0.7171148515310577
7BZ4LxP8,-0.14395493584666674,-0.37389776386972706,0.07568580600873176,-0.3272247995788362,-0.5059765769021922
7CmigXKi,-0.41449178000553566,-0.21127367604098135,-1.2289688987219058,-0.43213533845813146,0.2421960605931801
7Ga0LpfR,0.5213142523237746,0.38407416072005585,-1.0539336851341439,2.8149500744851466,-0.6603024908388377
7PQsFvsG,-0.39334449515209435,-0.1316679114061935,-1.9318368143538471,1.1475741168525175,-0.18677147033236707
7aF7nnwn,-0.5767193294133524,-0.4641213526430183,-0.9162852681691227,-0.8663596390945187,0.8796385597950049
7asGzfX9,-0.32446464589841817,-0.3427064823525542,-0.4238400281408765,-0.37525432649889723,-0.06919171938239543
7cg7C92o,-0.3082276705614806,0.21943433245885735,0.18877853918111143,0.810714950034729,0.3388801456405801
7eOxTpsB,-0.3847765163485821,-0.21526459311481994,0.5183169635785809,-0.6592782102374954,1.033392487917574
7ey0v7ma,-0.4328883244075161,-0.42964973219169267,-1.2552069482006125,0.11008399801371382,-1.1004416459079565
7gocyrYl,-0.25748540017016985,-0.11901833451108257,-0.15503662579412847,0.6385525302434232,-0.21297944800222268
7gqR3GoA,-0.46036321330709207,-0.3817516427089094,-0.5249169245797027,-0.5057834424103831,-0.47029573973873795
7og7aUXB,-0.11252940436841818,-0.161955495753504,0.41644138675128417,-0.04978170273978577,-0.29448201144283104
7onRfa8F,-0.027453661105058202,0.0158589057318953,1.4053577333799687,-0.42697936431506633,0.6510043905807308
7umkNuxM,-0.14419364124856493,-0.319872414611477,0.21914350742390454,0.3773875817946859,-0.6220893892125403
7vPr9ExD,-0.11822885403009487,-0.22371749379427697,0.2807433613690584,0.23700104523467047,-0.9321867351775452
7zNjpCzu,-0.4016803854384836,-0.3288561206036448,-0.39239810828967236,-0.21727908441165056,-0.6796922494115805
7ztsQNj3,-0.4425254632246567,-0.25587119177037576,-0.15850494112583036,-0.19673079784312364,-0.5600230464976974
86gppwMI,-0.4608819306660923,-0.07389243026606429,-1.520438099712738,-0.5460265304904013,1.30334277129554
88thAGdL,-0.4500561230631792,-0.32714195991971323,-0.21014940970944807,-0.43645976073764103,-0.0376816614514226
8GhU8STP,0.9894381920755375,0.050420275438648576,1.7098783400617314,0.2575840062946426,-0.5551147596399986
8NlzDcWe,-0.6155197827108925,-0.3376186492579242,-1.0550040898304367,-0.8067522864179963,0.11783985720034451
8QAejdLW,-0.1284165297202282,-0.14645784954401886,0.0879282557800245,0.28207736220398516,-1.0977671930716113
8RDeFxWM,-0.3585126092609432,-0.2551019588029143,0.07755350655515869,-0.5589431642021268,1.2726398145070945
8UXP2NBS,-0.46507457097905736,-0.39787368348966023,-0.4984139145215529,-0.41972373055612167,0.5640460403990275
8ZoV3KGT,-0.34987089558851103,-0.3716216906328278,-0.26745902512066166,-0.4206910353807345,-0.5297769692867931
8ajs2uG8,-0.36595619755101616,-0.3387099279649838,-0.5408836138993145,-0.39225539994840375,-0.7704144677507045
8bXnz62p,-0.37197672551102023,0.1617820091617651,0.26667285705498145,0.30264549165604393,0.6237506832628625
8nO1O1LG,1.8482208965802709,0.13428154251758773,1.8115984310063133,1.2862462545952766,-0.8814946483114525
8xE1p8g8,-0.33507809130654387,-0.17174804726138693,-0.38017839386320773,-0.15340598891828705,-0.403816726748353
8yMDVMRM,-0.4981356172031912,-0.4011205112063664,-1.182358366988229,-0.5163386109637216,-0.5441688313374087
98R5VaPi,0.5172660103131346,0.35180493523583756,2.2100729165160367,-0.8939363439934951,0.9501858235259917
9DcTz2Ua,2.2604060033783906,-0.37090076462381216,1.9208596587361164,0.5812976983636347,-1.0489325168403028
9G7nfUrK,-0.3900079559743137,-0.5468730966089003,-0.5738037052376974,-0.6983530917141607,0.5695352570212364
9O6GZ1HT,-0.2320721337124798,0.30134235485994665,1.0302451798199392,-0.7791357206983562,0.06447771949409997
9S7fCoAM,-0.5379330372232705,-0.1976724956685468,-0.2501404195316361,-0.6616025554095515,1.0326741528363002
9iQwmFJR,-0.3841632953633809,-0.2127837238545972,-0.4299929303031611,-0.43126775438424403,0.2921081313736451
A3Mt6SAQ,1.107779796523543,0.38086267928249107,2.3264837006647205,-0.9395002582662713,0.2651858214551268
AJIsQIcV,-0.4222624334400127,-0.28137365620151533,-0.9835115328058244,-0.3239323239365106,0.30535364068850157
AMHKXMh8,1.8523525667472693,0.23943524324779542,2.1774657536845545,-0.5210229889537814,-0.41055453635386385
ASwA2J4E,-0.30941555677080324,-0.07817688877427253,0.47854386386297776,-0.36777931233570627,0.5973827810896566
AaFvEoHq,-0.359140155117446,-0.09972293272780608,-0.0003754639472397514,-0.6980558373627517,0.8525959301934947
AiIPD6hX,-0.1520981224521467,-0.2694334048148691,-0.6502079917461749,0.403430404173001,-0.6637284117034667
AsIURvJS,-0.3595828497491613,-0.252745352259634,-0.2839008617882435,1.0150594126745816,-0.8263222086877775
AsvgbJ0C,-0.24612742661523335,-0.09920800645867633,-0.48383982355681,0.7147753148036244,0.06585709059140044
AxEhbkCM,-0.38960375992971485,-0.49424704536810926,-0.8831323903539676,-0.5875217081439601,-0.7273007608962487
B7VPkIpx,-0.5131929767424328,-0.047567149228032624,0.5018096300193058,-0.7591695537873377,0.92513163022317
BBwHqHiH,-0.031639025626448714,-0.3481844077680746,0.6962579640859978,-0.013916463817771785,-1.1628816366226218
BMyps8hr,-0.3453826748816784,-0.35770749759207565,-0.5918198176057565,-0.27139003755227264,-0.7647277451922108
BUHS4dQw,0.33487213724899156,-0.02378378150357474,0.29425583420033874,3.1651808084428907,-0.7830512682828683
BZB3EYWQ,-0.26442029652472065,-0.05200458604259783,0.1463128065863195,-0.30140806160802214,0.7362568763317014
C5UPCZcL,4.370395478345555,-0.2827420026985107,1.9011542033424114,1.0216288179485318,-1.0144866192283715
C5gIfQbJ,-0.3272501065161766,-0.3839010657054521,-2.036350495269108,1.1469584020026886,-1.3915134887272487
CDRuu4Pn,-0.37055248867724977,-0.36059327903786165,-0.07952247027951742,-0.8094080630168818,1.0571750427363824
CQhTYkqE,0.6854510610255868,0.0707084337347198,0.9469329706646015,0.7689576114721248,-1.3591705595924921
CSEobMXv,-0.4554714838543834,-0.3666435042557207,-1.4833228595578483,0.4157665016895109,-0.8268470657351443
CYMQE4x0,-0.05073832319809135,0.15671589867640134,1.4011114539136535,-0.408500271041909,0.4596313670656329
ChQdtl4J,-0.5682978453187122,-0.36460202071616893,-0.33989870264649724,-0.7703969030746336,0.7162617025348865
ChnD1nrN,-0.5791964366999043,-0.427207377731998,-1.1258215717987703,-0.8052739454889277,-0.2813055269682607
CvtbbIcq,0.8673160191690084,0.08776797511881218,1.7578542094817742,-0.13290610840247297,-0.023532912927073824
Cxk06b77,-0.29109611877984953,0.07037771278441285,0.4385606630678005,0.017940488187853987,0.4204847649377754
D3QD3ZEJ,-0.12215504154508672,-0.19429609258779623,0.6706067952056394,0.42834888054525067,-0.3069199656527033
D8J5C6lA,0.6692888387600231,0.2277391379514241,1.3091186591302169,-0.002155150662936478,-0.5429957409749093
DCeQwYfT,-0.16881397703881085,-0.22846272420136515,-0.4734399591396148,0.1544902932179113,-0.8923245217467937
DDEftkx3,-0.4353153876453195,-0.10764633357939746,-0.9580894455755704,-0.6562948693068833,1.4608243296545353
DEwCfeDW,-0.6459403322900545,-0.038838997995746305,-0.36606342816940085,0.04618324721891298,0.6980247733970302
DMkIV4oL,-0.4979277878797763,-0.30105620861171095,-0.7472482186656642,-0.7097742788752086,0.5164149750964881
DnzGfbxS,-0.32173585983358244,-0.3057883654622594,-0.25027421680333717,-0.10035988209919111,-0.6694869793248088
DoZxo6f6,-0.39212856675695384,-0.3429953449660378,-0.27512346861276527,-0.6421738374820691,0.7913063709177024
DvhBPGIk,-0.37302156847673196,-0.33454000725579924,-0.3037819130711803,-0.27645387150281664,-0.40998851450127205
Dx7GoUcT,-0.5993644129304148,-0.30767886261903554,-0.6902978880896633,-0.9889884292283853,1.517334801226518
E5hIjohO,0.4790776328481723,-0.46090053155968536,-0.20895018782339392,1.1431584577119835,-1.412087532492258
E6x4XGHt,-0.4682148109109523,-0.1332480434355766,-0.5598795918793265,-0.397097494278718,0.9334681724460481
EDEpAzh1,-0.4269589782619807,-0.23446176194948276,-0.6015124542625934,-0.3165842687136333,-1.0182966342392845
ETGudkQt,-0.36486300292611595,-0.15021693647382695,-0.29988334664067295,-0.6030408225667898,0.41284639993249783
EUleKrLJ,1.6189817975375416,-0.22242193733016802,2.121564421519178,0.4308114899895301,-0.668078897989524
Ehw2Jz6s,-0.31803037520288235,-0.286167531765405,-0.09652030926172372,-0.4975138698830577,-0.28244753730155736
EjqzC4zH,-0.6184594592643027,-0.058912210376941165,0.0727661803122821,-0.705946003836722,0.7519384244635532
EkMZO3Qj,-0.4807540842643636,-0.2405322574961305,-0.41102093821227825,-0.7014980323114131,0.8468624153313087
EnoNXWvU,-0.38672811567770005,0.14371177921254474,1.0314564058300668,-0.9618123704225425,0.5831357325521296
Epv8ANwr,-0.21984867706115274,-0.21691030943876133,-0.15479225184735768,0.5809926559018592,-0.4433536421754596
Etro9j0B,-0.3361206106581296,0.305361683477109,0.29198358561570714,0.024241758324272666,0.29564797394117903
F3MIZj76,-0.4446732405437235,-0.42341567675337066,-0.6252612963851796,-0.16008857716204972,-0.9171284778947282
FB8tU00K,-0.4027716420162353,-0.22847821965931392,-1.1397817246832354,0.4520270046417565,-0.4994662215556289
FLhxBGMK,0.022865867332113154,-0.05231038898070196,0.7395664023608326,0.17839029224814595,-1.3724070514870235
FRreR8ka,-0.5554370367729309,-0.31342337211436094,-0.6727679698358777,-0.5213249933697668,0.647673114861611
FXne4oAV,0.4301941391912276,0.1009155351055967,1.0481843619747444,-0.29173721721398493,-0.6895887297353127
FaW764jk,-0.4822648272973158,0.11988065342790388,0.44132858612847414,-0.22055599491785216,0.4655438666356915
FeAbMXly,-0.5295304214242567,-0.32425404831452675,-1.234189027594585,-0.6666870290547209,0.7231678439545632
FeudaFXn,2.6328628121136415,-0.3466890739958829,2.195552099763699,-0.5491639091696427,-0.4215104648876675
FldUmFeM,1.009454154343727,0.05339824195318943,2.022723311023764,-0.8975485770294895,0.20278042090580328
Fnv5tfAm,-0.4562413841437962,-0.12830714707421154,-0.4620832903618073,0.03679511394189916,-0.8549203591303538
FvrAd3Or,-0.44817069369006113,-0.18171123651194077,0.8614193060440805,-0.7027726989642318,0.7780041729272327
G48zHffi,-0.12351479238046359,0.16854487967549925,1.687218585639311,-0.6515631763906029,0.6272472428756757
G76zCv5N,-0.417937098594253,-0.3944671629022901,-0.4938384775776292,-0.33747882627870496,-0.018545987879186043
G7JGUdNf,0.02418640090198032,-0.45350345501239675,0.5132596080768046,-0.06438876285564987,-1.0563602117638382
GCo6MONx,1.1379269735513997,-0.23973265937663168,1.6313272110603059,0.2822161071019522,-0.8552476099869253
GE0vbpVQ,-0.31469412060190116,-0.11061476180025409,0.21397669955895182,-0.4109508579215415,0.42813837926109244
GN0DfOqt,-0.3718459840622774,-0.5289787786003918,-0.46633003390507,-0.7150275359429159,0.38096333575662555
GNsTAb1v,-0.5574016151081498,-0.24374442148460507,-0.8214591786743775,-0.2680260948803621,-1.2016157084847308
GPwmO21z,-0.2968287500993103,-0.3285270816740741,-0.3866149021267127,0.17061892584640503,-0.5868817058092262
GQYpfLoh,0.46783244191337126,-0.027297243463371257,-0.41208792495654123,0.633970310079853,-1.072314106580741
GR9knT8n,-0.35026146449243534,-0.13205799962315024,-1.759812990288811,1.0661117041942347,-0.24535109424301282
GXtFFbZy,-0.008099048620382021,-0.07336965304093168,0.563607686883369,0.07376212896019041,-0.25309706029452883
GYvzvvFD,-0.5664526177152727,-0.18576835412344106,-1.2879173348135744,-0.5800159160112699,0.2821625479193628
GemPjTJ9,-0.6343580799789681,-0.17248937591667268,-1.8315180809839156,-0.14692430734593387,-0.764755485775602
GkLYRm1K,2.4412617594980173,-0.10043958873248038,2.334072985861166,-0.5648313528410043,-0.7639899811968078
GmlqP8eI,-0.4277210837721288,-0.3517744512768567,-1.0469862813113657,-0.512422747515167,-0.43565228464354533
GqkIrOvf,-0.5310034902623517,-0.19919771604146252,-1.0494229560770698,0.49930538541760683,-1.0377698294648852
H0fsegPi,-0.5276043156870589,-0.2599804907506148,-0.037065053223887645,-0.6724528455117209,0.6532296793104635
H4dHpJjU,2.068279761977548,-0.15071708254640914,1.8375167989381218,0.49234304204804147,-0.9952549146626168
H5QwJCuU,2.0843161935796086,0.8842905676226821,2.0462854192612205,0.5183978923527306,-0.38060881018942183
H5uwmSZ0,-0.4197826582394857,-0.24107446444579506,-0.3287005706695716,-0.5496279837414377,0.7146200857907772
H8MtbVoL,-0.3679372618508143,-0.46731236489533484,0.039112472388477926,-0.5929884687989286,-0.44159241593138887
H9JrUYnp,-0.5230754759322469,-0.20569016132993265,-0.5806674879511782,-0.34466298605125445,0.7232991252687881
HHYmmHVk,-0.44938162034631723,-0.32265093023135216,-0.6545185598077303,-0.8276715810963893,1.5563203047911358
HJ5U4uqL,-0.5507354315039112,-0.2717465281486541,-1.3684801992056244,-0.6495733788747273,-0.22534931117275647
HNQxYc4w,-0.30444778812764817,-0.3645227083510699,-0.3211108807443459,-0.5173869294301667,-0.3055084903928744
HQYhKHZ8,-0.43796445492094627,-0.26998305225717634,-0.5592176102107267,-0.3780178487198569,-0.16809593906896936
HSCMx0MC,-0.40078587304620505,-0.1757744771211488,0.16546975329420022,-0.5482186910757534,1.247573693987981
HXYuE0fx,1.8754386005446957,-0.3915567488262398,1.730008217469912,-0.014539937566304673,-0.7704943491214706
HdKcxEWr,0.1120440412210808,0.3452184452566812,0.045920673701584036,0.3437253213091296,0.12353545429663626
HecW1iCC,-0.5423625500831424,-0.24297536368779593,-0.5782007901887489,-0.5708443101325216,-1.0991563017185015
HpbKB8rv,-0.43522459060281626,-0.20896888344301134,-2.2873089561215245,1.271738339904367,-0.8008302466175863
HrkoYjCg,-0.09205866835137222,-0.05688637297128818,0.09511445057087187,1.016902324398437,-1.0796020295508768
I5P2uquT,-0.3560664864013763,-0.21553418111590628,-0.14548173048915558,-0.333467190378947,0.2330899064706884
I94qkDM7,-0.5072193572167709,-0.02029214724870454,-1.9803256557986977,-0.5471092006322422,0.5939263014395166
I9sQbtt8,-0.29545371029067446,-0.19080616253133897,-1.7288960638978104,2.0009848136055197,-0.6960764161351634
IFxgw6ZX,-0.3894657395273118,-0.301580948890977,-0.3440279110962372,-0.4132140480169326,-0.2963831467802791
IPPPSyoU,-0.5066756877838845,-0.27557370063190867,-0.9222849142823186,-0.20926226222093902,-0.6140764605718303
IQOYQubU,1.3375212076020642,-0.27541788996518524,1.6677535961554888,0.030507196394374603,-0.6918126843691041
IYNE2SxU,-0.4198748468792548,-0.33869145166709763,-0.5544970935277895,-0.12288413345630289,-0.9285853745084367
IZRFk9kN,-0.16531853143445296,-0.21297925281902075,-0.17617784397571157,-0.2244972987547058,-0.18181457740116258
Iaq3v0t3,1.207731094384,0.47426635407549955,2.287530141138813,-0.8536189725306613,0.2725462458649801
IbVwu1t6,-0.43453859755200774,-0.2808278472682627,-1.0719495386836577,-0.14430618496965764,-0.37636860471526035
IcHKTLyo,-0.07368423663607082,-0.26323578192566294,0.13089799722565587,0.3831369825525073,-1.3261188605640726
IpW80wVB,-0.27392777869320817,-0.26147163868508116,0.012274665132462559,-0.214616435846672,-0.39533566702289846
Itb0PYUV,1.7932400340913244,-0.21128818029631813,1.9915687377817441,0.8564268187488935,-0.8699177977193884
J8fpSwS0,-0.4164131000976301,-0.1306700221180238,0.6242714905949462,-0.7302277408595117,1.1499362020747341
JE1SlbD0,0.855393491980946,0.030956778614003144,0.916865933339249,2.248117967828726,-1.0686316620529013
JEB4McNb,1.3328772982476647,-0.270222499274798,1.6273630415818836,-0.04083120764418169,-1.0325939665347121
JEE4QVeQ,-0.20100669334280674,-0.31513936566230516,-0.1326051701706099,-0.44938492084124704,-0.8154737430898038
JJSEU2VQ,-0.38059437897826065,-0.1774097807389442,-0.5065882029464781,-0.4953344605697012,1.176812311353153
JSsVriP2,-0.3598838630236134,-0.3014693072995539,1.213967050833343,-0.7022337281787046,0.19908692059765798
JUvQNiOK,-0.07784094671834119,0.08202254485434934,0.195840998689345,-0.2566587762197017,0.2081485063747479
JZbrRtm2,-0.20689571033850207,0.16697831717281442,1.1749834107105919,-0.7500822570486676,0.2953065232738865
JcE9G92B,-0.19678985473118082,-0.21843136604593216,-0.08115648521361507,0.525718620354489,-0.15248668747950234
JnNYpXHr,0.2545240307486818,0.35423549828841583,0.1664380621843513,1.8959530127785271,-0.9447060962891172
JzpbnOtz,-0.42443597824976287,-0.10742614988851018,-0.5335166271777787,-0.6110111790067165,0.9498619422831709
JzzUhPQp,2.4609477378341733,0.17914277055154038,2.352201969472116,-0.39795789650319335,-0.8012269832017935
K05R8dQK,-0.29657156926319495,-0.3247338473918876,-0.6675608511557591,0.37618164133143495,-1.0446422422157937
K17pG2mG,-0.25600042918606114,-0.23208481476444925,0.4558113907043655,-0.5938200058328462,0.5961876001654147
K8BellUe,0.10002430319579325,-0.5888117350746703,0.37472651445041194,-0.2511048768764468,-1.4263215086750805
KJ2eH6rr,-0.08997211193528365,-0.43749721089619265,0.4147405951827743,-0.5892244022850051,-1.1048996710972077
KJEJ6Glk,0.8101127864566404,-0.08607735731775545,0.9208242034621428,1.6108665712948422,-1.1792933207568765
KSbO0oXS,0.41676368277691545,0.1296590150861724,-0.11649786439902599,3.014537830267635,-1.3285087274964624
KXtvmd01,-0.37975154476109374,-0.2645369047548304,-0.20182268652552082,-0.4568016745968535,0.3253530143908776
KYiJqBuJ,0.09433711788667942,-0.394614550226377,0.7696307611897275,-0.6929300763970687,-0.7209605406781137
KmbAyTcE,-0.18555912358059068,-0.24346563716451375,0.1968403303382722,-0.38141672436467644,-0.24455710535290365
KnNyl3rV,-0.0009975726914905891,-0.04395946447620347,1.2813720880514659,-0.4900656998999082,0.6256071392588112
Kp2DG8TZ,-0.5847959487590817,-0.11303995923008936,0.18988728990207093,-0.6250308204011574,0.8324358017541655
KqQtKWs5,-0.573193945090539,-0.3237295549811995,-1.018819781976891,-0.7074436652353668,0.3362806807879153
Ku27g63R,2.706533116112352,0.09213769341811406,1.9236828245449935,-0.15920140356420376,-0.48687398606694643
L2aTVqDq,-0.34710870403947247,-0.2961757727659019,-1.2053663023687484,0.8775510945310927,-0.7834877917887368
L5jvq6G4,-0.5853895170458561,-0.3389180806232407,-0.8394940751402835,-0.7589351004318914,0.6202354438325912
L91hYVQl,-0.5942345125089066,-0.455874438223148,-0.9937928823581395,-0.972718177666799,-0.06868196006167437
LINAMlbA,-0.552801283273114,0.030854543062608264,-1.5745292423305735,-0.14878559550493975,0.344130223131053
LJoUNXSx,-0.37167444499178437,-0.20194869395884762,-1.560766176689686,0.08844787868527959,-0.49758468224650443
LLtSiyWD,-0.46077202114699567,-0.4841493001744813,-0.6042856114980175,-0.4837475766643209,-0.30059941706418414
LQJtV8kn,0.1119038363244993,-0.1161024064879389,1.3599338338337468,-0.01967685268254371,-1.3360950402086544
LW9uddw7,-0.36669944088944995,-0.3449559319391532,-1.2758710195374086,1.0165119908984295,-1.119773839452371
LZ6sdBTR,0.8478117858831791,0.16842772822889163,1.613297387628517,0.06023161943038957,-0.20729533538747802
La2Vhnne,0.09962262112659737,-0.12787320368227506,-0.592678442948273,1.2952613188261566,-0.506584169923606
LaUWSq9B,-0.14117197076112298,-0.33588825287926494,0.2224527072305129,-0.2729487295522759,-1.0294115794160987
Lk4SfkPQ,-0.633328802348986,-0.34183404741050805,-0.421197328085146,-0.4263014792826212,-0.8122221932242226
LllC836d,-0.2838793349351665,-0.12683167402232487,-0.2325807072573305,0.7156406198334011,-0.18475617774198128
LuGiGeWN,-0.537517418052035,-0.049831032040486334,-1.3946270351951178,-0.555787835263807,0.74575818855714
LzcyHcWa,-0.4764503854001152,-0.1778225127221339,-0.6335051524836679,-0.5432904317119451,1.028052239305218
M7veP0H4,-0.5985266209098388,-0.3013649079350881,-1.3154679897559625,-0.5340857642961581,0.8726293640713649
MB8aaJUc,-0.40272608728011683,-0.023163926734817264,-1.6315156889830185,0.7073614591773136,0.31963701409835465
MDpe2zuy,-0.5336026973203349,-0.4910108473149378,-0.21503261705202092,-0.6318279222262149,-0.7121282932228112
MEzdmEIU,-0.26526754359420757,-0.2751587815371851,0.06753711186156508,-0.393730453333184,0.04923355864115564
MVnhtivm,-0.35972685765389834,-0.3391575254362934,-0.33049648557589606,-0.09604169434758347,-0.43471166474660805
MYU7WDis,-0.44834578107375656,0.1184719146940062,0.4419897025292805,-0.7795499416789156,0.9017467253499873
MZFqh6yw,1.381258905488691,0.42398423224615767,2.4340798025734323,-0.46348969651158,0.22592020456499284
Mdgy4SsO,0.5471117083639836,0.036157046197260345,-0.7076747457320387,2.4394039013084736,-0.6481025234827555
Mj8awnzy,-0.3604214204526972,-0.2597694224272683,0.3511101038113331,-0.6342535392515813,1.2448218464794465
MpFPbUJy,2.520936621348566,0.03296627959734788,1.8756983686054802,0.8088757517214376,-1.1410870412598868
Mqk7MFBM,-0.37268382239634157,-0.26805042989213446,-0.09396767378511939,-0.6336347312673851,0.7853256112973597
Mqs2t1Eo,-0.4263015709177882,-0.22398523044114615,-0.5108117318448429,-0.001189553311242264,-0.9850512097862136
Mv3jFVxp,-0.24173298444637403,-0.20751862345138872,0.4951213607439051,-0.09048005202001974,0.028152533066752028
MxODTXvA,0.11183884871368655,0.0559484191142777,0.692409994582885,0.41626853081367443,-1.4397431425329685
N46PbpPM,-0.4897524676957534,-0.2531879731819486,0.403458086659338,-0.7399454737003808,1.615371137919503
N5S5F9Gk,-0.4916986234601115,-0.02439866938154167,-1.899788988070032,-0.5283703640571602,0.9648923359661623
NLDg5fqw,0.2603908509396131,-0.10625381665041467,0.9055512003998949,-0.2054961063591989,0.17832925415290646
NOho2ZiM,1.55871561720741,-0.25712034664365035,1.7647838923168813,0.19800800441122846,-0.7649041112197281
NUuY7PFU,2.0666311620383038,-0.060608158218103836,1.8043868029582875,1.0703272294591315,-1.131113228041393
NV1e8AEO,-0.376400385800169,-0.14870085432656632,0.251553982289078,-0.39290129428747633,1.2006914530322703
NZLXROKC,-0.07417242728237916,0.05836334850520897,-0.35430244474610006,0.9060849611294017,-1.0148015827633188
NaJo7C6o,0.324396476766621,0.07415002643072721,1.4799236519049366,0.2681317712506299,-0.022984560983111635
NgsyGkrO,0.2909873064038191,-0.2641247180498888,0.8796635470791436,0.7789893159594996,-1.4523899453740867
NjOx4Zpo,-0.3527063844217384,-0.3246982019938659,-1.1835041435968385,0.8163778665466666,-1.183881292540498
NmQoI7x0,2.116177054461529,0.36803859691204177,1.9527874564993901,-0.6647952726253337,-0.3523223037771075
No4wkdLS,-0.5472092285813535,-0.3345052049829553,-1.3111514202117185,-0.7002720115937322,-0.03870374059966508
NouMwhOf,-0.08996645050402385,-0.24824430611865644,0.31837476355230976,-0.1483868910652646,-0.6105921517917139
O6YAWd8C,0.038326874073872474,-0.36063052611717916,0.7815400617402695,-0.1700596811488495,-1.2690008135066435
OAXVphSh,1.590980333715235,0.48271359701540184,2.169400722407044,-0.2673801450272393,0.1536040895637072
OJBBhb6Q,-0.49996007322332225,-0.3988855867172857,-0.6504382238616024,-0.8217217106898644,1.334304611807731
OSIQXImL,0.5913358110246616,-0.5213535417487286,0.3440238818513528,0.29867553655983414,-1.5884346670939138
OUUFc5Zz,-0.40154496969856446,-0.2404673427024967,-0.12248035388238421,-0.6047390007195261,1.0408692780272233
OVk1lquT,-0.018474263617720865,0.12485475288045922,0.5784773469806161,1.62761896735784,0.2739697870904294
OXdRxjzz,-0.29336715148932235,-0.27259519372566576,-0.5594967190316318,0.16413798475627317,-0.47184743923276784
OXxW2ekf,-0.37170155100332813,-0.6938045317696374,-0.48043637769642444,-0.5153651162963868,-0.0651897591890318
OXz5OpqR,-0.4056348221893433,0.18826327131466714,0.7785846999178823,-0.4746882984212917,0.45580756995081373
OcBFW1AX,-0.5717077375278752,0.07772458113039782,-2.2557275870147357,-0.22827952169249244,0.8229085749287535
Of9V2rpt,-0.1729482920544303,-0.13939577048744906,-0.18598981949599036,0.05240388379976224,-0.576828928481298
OfLxPhbG,-0.29753890988539133,-0.11686061352682053,0.2531510543069082,-0.05134406449011664,0.3357517722581562
Ojx2vi48,-0.5035318446760204,-0.2825561712261738,-0.8805556017121496,-0.6309673500371886,0.42063935917280304
P3M32iuT,-0.5162877940900632,-0.426086921544644,-0.6574997991845528,-0.9363664072767577,0.030448851698331225
P7olVzrO,-0.3938294297978775,-0.20328734657608127,-0.3104560914633119,-0.37502969770188344,0.4362765531693569
PAPHErnv,-0.5366640097394413,-0.26577670138225395,-0.9992215025575213,-0.06506837987650016,-0.4321873974029202
PBjEtfXb,-0.3177714992863532,-0.12157470368605738,-0.13935005768671616,-0.3366288645096418,0.4036330304918394
PZGpoBBj,1.9924561199796624,-0.1331526034581395,2.3242333967084043,-0.5111492231825778,-0.6864322539702314
Pc2RrxXS,-0.4327465149200709,-0.383080097603144,0.06965628319103345,-0.6037038248889317,-0.5563123127028646
PcHQ4FOu,-0.4748982948892735,-0.22266920304055782,-0.951935164271891,-0.23477845232438455,-0.04872338659448161
PeNyTOVN,-0.25380094984601165,-0.09878027445520143,-0.42701440814726155,-0.1776910882393068,0.27418875766965556
PhUPSU53,-0.4258969721129535,-0.20863629937565176,-0.3070378785594592,-0.14425307710636304,-0.41530612269685463
PmUNeV2O,-0.6106653648292042,-0.3407021913229319,-1.4021594570092937,-0.8510300030476614,0.060538780161770944
PoDJ0uvK,1.431418113534816,0.3486137237932806,1.7242858182800767,-0.35165114953776566,0.001678406764987983
PsUJdJdg,-0.08215988454995404,-0.18732928048120467,-0.44166878368178075,0.5376879131292682,-0.4317329979278455
Q3xLFx1f,-0.2565132215779915,-0.32553639441165594,-0.4288644956175638,-0.24736204332698009,-0.911239390389035
QBGxCvdM,-0.14438678789261594,-0.315728847625361,0.36269414049838744,-0.19609712432001203,-0.9411574402527165
QCEPyu6L,-0.4637814727184679,-0.32540963153056535,-1.052445818127854,0.17610014248133865,-0.816804182841004
QEfwec4s,2.538147462714475,-0.07566489800590948,2.050620768706903,1.742417391711875,-0.8074294732375691
QZ87Nnr3,-0.6740561868273591,-0.4823640702074531,-1.427212633885393,-0.8357272997810057,1.1166888374184438
QlyGN9jv,-0.5558954575923014,-0.17227269208207752,-0.33127712903278805,-0.3824930520122152,0.16091554827720955
QqgWE1ny,-0.34041551872886266,-0.11246148087724334,-0.4131685525260771,0.14910444258672584,-0.6756911639633998
QrjjBpZd,-0.4453426078088416,-0.26625668100609856,-1.834346478091721,1.0082738605113306,-0.7539218054655592
QsaBiX7V,-0.36897353511901265,-0.09565198953027375,-0.35485384155599675,-0.0038876892799706297,-0.18698705907514324
QtBKJuZk,-0.38096086758938164,-0.15476374219890288,-0.22206347395131232,-0.29034391601647513,0.5688094515901341
QtPRO8OJ,-0.5054133189529768,-0.334118157285373,-1.136708495141466,-0.5783976436084757,0.44176303663402194
R8XcsFnp,-0.5862942780834448,0.2408505739556287,-0.3522639740293023,-0.6661742979989427,1.4420802102465515
RROfRt9z,-0.0292560197911218,-0.3007929924048921,0.45727364319663977,0.1479894688284773,-0.8607591489710629
RTcbiDGq,-0.4742937908811502,-0.3958336613093746,-0.4646538067880108,-0.40297233904559704,-0.22102599756613728
RVidM9g0,-0.21889908005792513,0.13566267600415471,1.6338594881473902,-0.7564906746642137,0.7687210779843028
RZnQSH19,-0.47987406584874925,-0.1492539056856932,-0.5750003288647356,-0.6389525549427262,1.0199617322102696
Rc4UK7fT,-0.5827038699314091,-0.13000714877918818,-1.2151055307602299,-0.6040223030335667,0.48775176524508623
RcKBKh6B,-0.35256096832293515,-0.06748920638422728,-0.2761612102020088,-0.29143722696750984,0.608313129258697
ReM5kDa5,-0.14090926328376163,-0.28603332496925465,0.18512103499979204,0.15520655393525118,-0.9948715006492037
RfntsotG,-0.4186768464585118,-0.22855741774268667,0.008853527040809439,-0.7551552036756206,0.6486289117781254
RiXMlzXD,-0.3562378468805907,-0.4846244259831548,-0.3776522360765746,-0.40815435769130914,-0.7043608792253124
Rik83O3m,-0.399146155507454,-0.1383393608594055,-0.39007862687303785,-0.277226947608888,-0.41074152309671064
S3PCzDzO,-0.44864682007019674,-0.059635897136590565,0.503606931128342,-0.6988276803963984,0.3022409331313085
S77BviOJ,-0.497742888231814,-0.22197308948077274,-0.8814680936409793,-0.3166084026812612,0.12003852909514734
SDdvtktF,-0.27664738301555936,-0.28081767756496767,-0.41466915248547664,-0.1879344830834455,-0.8575314021038665
SHs1AyfM,-0.3901291272875671,-0.07819452240206826,0.033733365442639496,-0.15785237150522136,0.5817399294266963
SO4zQy9k,-0.42876161592519857,-0.19020048016505264,-0.2721651696481793,-0.42222995273773023,0.391964543100805
SOOBCoiG,-0.4116414560776622,-0.30142505433969136,-0.29733066119097273,-0.7456903362338707,1.0554686437401344
SXkkPB7A,-0.45340118624850057,0.028144074643673078,0.7475653706025689,-0.4599399142521534,1.223110009954091
Sa93dGqq,-0.4932915368223423,0.09348542864641185,-1.558204132806896,0.11099704288661627,0.7755111549224623
SonIG72a,-0.5300703273478309,-0.0021050243336143692,-0.5873189736355933,-0.216452762946453,0.2727568843499668
Suf6hIBc,-0.37749193408106585,-0.09521753558330637,0.08578472566496131,-0.439114164282735,0.7845096079265588
Sx2JeSRz,0.07008091675143469,-0.03587555272077603,0.04689727977365621,0.49249089735385354,-0.5744466134472148
T1Tlftr4,-0.2751493112262171,0.045925133656293915,0.5343100536467311,-0.684116092379135,1.160195579382382
T7ulR4ci,-0.4442047151033268,-0.3210747381932659,0.13098487651241086,-0.798455934275772,1.0503949091960223
TA1NB3Br,-0.31313684508129036,-0.05875934140991179,0.2853910255091243,-0.36602175791765745,0.5893355678847385
TFZUskaK,-0.07318947003082776,-0.33910505692641213,0.14230784378396422,-0.40662264944686655,-1.2533366432128403
TNL8HGWZ,-0.15077583092565483,-0.38969709794400637,0.26021551014873623,-0.24324648250904346,-1.1102229804635115
TZ8z1GSF,-0.36150232187574893,-0.44410363737902137,-0.1854154387872775,-0.5167528740231617,-0.1559001959365176
TqhRvkJJ,1.5305901364166328,-0.27520179456628935,1.7199207080413537,-0.6936692021109323,-0.5169779949681086
TtJCUiY4,-0.44964876196334735,-0.21225378562992037,0.39692387346640245,-0.8483611205854302,1.5815716811355216
TwDq0lua,0.30454852610645666,-0.14075869521320328,1.25543661629872,0.31382382203522496,-0.8900387665664837
Tzyf02sI,-0.3592237829449534,-0.23051843108774717,0.5542971299602861,-0.5677612771454292,1.1494679025774914
U3yI6ZS5,2.6607078291213764,-0.2770527487082256,1.8104947087960674,1.2146384792940452,-1.1186034572599581
UBLnXZAN,-0.3694217465726144,-0.1588457242730158,-2.573793245355592,1.9283846658722936,-0.549327773320563
UBWDzleg,-0.43429347432200593,-0.467698439825477,-1.1252508789819338,0.18142125855595026,-0.9426346100419849
UBqkX6SY,1.6226381738624394,-0.009790129779816081,1.9866626808981884,-0.2800339287915463,-0.6041719357956552
UCIAi1Aj,-0.4008437209386404,-0.48462216107239814,-1.9323439379475538,-0.3110616615255637,-0.36606429110293703
UPbXGvCS,0.06076460247581217,-0.3930658429547862,0.44343652823426893,-0.009850028235184993,-1.0637481819937946
UeWm1l9F,-0.23957593080777606,-0.15993771500719867,-1.1234989491984386,1.2280067305212228,-0.42822010958685297
UhucscY7,-0.3465495021813769,-0.29679817766147487,-0.47093272431975564,-0.3951482249293079,-0.6850807984863039
Uri1SvHV,0.003988496474702785,-0.3173409371886309,0.5498146837291635,0.0041263469008541165,-1.3074658338484895
UzxipGJS,-0.45274558067038306,-0.2472575553049553,-0.4658334189314708,-0.3470946051777801,0.44526234772933293
V74zfaAQ,-0.1567693248184998,-0.24799788557942404,0.0030487460573560554,0.06851749657452189,-1.1197042301626041
VBPxBLTh,1.893326252273452,-0.05734724541961367,2.0608275183951257,0.5495234104291953,-0.9709839140202874
VLG7CXYS,-0.2527356884066041,-0.04815507048119161,0.07681973320013569,-0.1215207853706275,0.5378746498110942
VNk52SpF,-0.46300589201919884,-0.3017758841781141,-1.9832647265027852,1.7484881673688264,-1.3547170595522928
VOREKsok,-0.46593442383167094,-0.03636842035327226,-0.49179200120288513,-0.7391260125860057,1.9024384007704995
VRhTr5pX,-0.4019219847749884,-0.4519163295558616,-0.30246769399291296,-0.6185357319350047,0.14242653707946573
VTcG4Kcw,-0.32545063311366285,0.15593150263437738,0.6460799840117026,-0.5181830683191677,0.7101805255731435
VeKiWSbS,-0.31536892488131407,-0.09390907906222312,0.2637768568094536,-0.2841252909874825,0.3716675314897131
VnU8nJHU,-0.37933215960376465,-0.26058097317845946,-0.10281843072680275,-0.3035003487707755,0.1292492402692389
VueNCxYv,-0.5321576041870077,-0.2738575420478552,-0.7723978236443152,-0.27467496288131343,0.21818009776028902
VxuQTRUl,-0.4345202966800077,-0.3406755847229994,-0.2566429791966591,-0.44173751323830146,-0.23859380134059194
W5lgaocA,0.9697254354774412,0.46558331562481825,2.3550049382030913,-0.601146373292643,0.3223196049045711
W5mMq9Ef,-0.34197343403994473,-0.20336785191280538,-0.9371321721389911,0.3475928778285535,-0.07610767110532635
WDhNqFpS,-0.11174818460156821,-0.17712119121736325,-0.7807289863319973,0.9548238372729188,-1.6030646249307736
WE6n1kZi,-0.35036843110415994,-0.17493937330431575,-1.7331032798954773,0.6234198160169555,-0.4015671173158424
WFk6r3vA,-0.4719994051556302,-0.15980485615339746,-0.44417664359371045,-0.29525477663731436,-0.16201141490387982
WFyIrsUR,-0.31360211132008153,-0.4633022728935928,-0.7412641280459873,0.36296628806064035,-1.2064689145711398
WG6ZAsqR,-0.447261151157905,-0.23035358733737743,-0.7386947138564217,-0.7261461071587334,1.4663546984518163
WMq3CZQk,-0.43506424440821156,-0.3901091716170396,-1.2063488650690495,0.30756473502361104,-1.374101808354915
WRskmGjh,-0.5610737631018328,-0.48460106489458715,-0.4533287526517604,-0.649823505364644,-0.8235523014102526
WXijSglj,-0.4057821413016729,-0.33136197330784756,-1.018313957898318,-0.39295110031628866,-0.6249004841008698
Wc0stQgu,-0.30464862319277763,-0.25151669844881097,-0.7810092247671498,0.4405237019532464,-0.7480391033957474
WewoSCUB,-0.6291715071773485,-0.32848760178847425,-1.221727143612771,-0.8493023311108558,0.41207646721863256
WuHuhHWJ,-0.21395553761803576,-0.18604611520972825,0.9396029708479539,-0.6395896639761318,0.8610727542788865
Wv7EBtZb,1.188345928652181,0.17244256501758037,1.6951649810382143,0.06609025986079331,-0.6711411948733783
WyPlxDn0,-0.47538274948598946,-0.23518430831597337,-0.5641398979185404,-0.5216259838053148,0.8060217521062825
X3WqoSNN,3.1815632995594267,-0.39377652581077005,1.8371285759296363,0.7184427669631859,-1.3500008762082487
XDhyP9KB,-0.4974093392008587,-0.18672804877196436,-0.4262652306677417,-0.1004996143214143,-0.641688519837551
XQxhDRMG,-0.5678096977285083,-0.001434935576425489,-1.7748462174584354,-0.28631055464888533,0.7893504822097768
XjLNAwxW,-0.15135359542321858,-0.26554533097412036,-0.29307796698758537,-0.2910409647415477,-1.5797238121647368
XjfVQbXd,0.7365733671935839,0.49509330918447814,1.772506749354033,-0.4705859314146963,-0.16652985633732698
Xovczbf6,-0.4482801507790857,-0.1031593180146485,-0.6986790632161508,-0.7129644081582356,1.8370733950744054
Y8H4onBf,-0.6493251966804525,-0.509498863520602,-0.6664725084809113,-0.7906064091452478,0.6032471672667654
Y8YgzSZ9,1.0825757699405738,0.133766171174038,2.043400964690772,0.12510415842034917,-0.24841505535346897
YC4PNV20,-0.6028922900138145,-0.26859414118251707,-0.5295439841445848,-0.8436456104330219,1.5228020122374275
YDHSCRdd,2.708388989136294,-0.26003772834619465,1.7472810119035778,2.0759749141619395,-0.8080692094806707
YIJ87aME,-0.4548353185587377,-0.08822016930629362,-1.0255238199750245,-0.5374737932185312,0.20840715028611356
YKvT4dFv,-0.3818707766229483,-0.2668195851567884,-0.21056332705829917,-0.12322681128615187,-0.01480376806581063
YNebALR2,-0.5661656170777594,-0.2046247980692698,-1.4732338432275363,-0.5707397711030424,0.3096163573711621
YNrnqFyb,-0.3819961790591453,-0.3348556407646638,-0.2949960409458079,-0.4218954462124671,0.15061933425817386
YUZ4lR3m,-0.43475393462481016,-0.23070896946031494,-0.22122245481277858,-0.32122771148471685,0.37990248450773123
YYLvjoVC,-0.14513509665985858,-0.05936115572171652,0.3158656651523408,-0.21353851991580797,-0.04229783193955683
Yb8OtMb2,0.18060886499060125,-0.3154554919847486,0.7223069778794518,0.2475012662571956,-1.2451669454446872
Ycg4lTYw,-0.30063589454394624,-0.45687675872174643,-1.394906746508969,-0.0026800021009520947,-1.5239976093264502
Yfk6tekH,0.14078111778743896,0.10906947605365047,1.347811027097304,-0.3689915611699419,-0.33994012058224854
YoSfgmR6,-0.4819258216913642,-0.2569988172954717,-0.4295222498874871,-0.22416415989463445,-0.2764373165525811
YpzFvexy,-0.3141816540560587,-0.29488188205136956,-0.6137460976658993,-0.15440997501853104,-0.2611982023329418
Yxqppfa3,-0.034228542105354975,-0.40510265943469304,0.12403079642008308,0.15590414729765456,-0.7202277083149582
Z16jTUvP,-0.3763074069322858,-0.38574368791433244,-0.9329766633944026,0.2323062536101972,-0.25724831708044604
Z2BdCCbJ,-0.2618542121080356,-0.076892450739943,0.14823675589122942,-0.3344071419748289,1.0513335466573537
Z2JJMM6V,-0.4427210324084019,-0.32849079434097705,-0.27823980686280336,-0.10909898183786737,0.6068959868541626
Z5jE1OB5,-0.18227358926904635,-0.14733089780934805,0.4342550321091032,-0.21167116896049976,0.0460735405856596
ZFsIqYxA,-0.3983309863995448,-0.21605647612677614,-0.470838564691622,-0.15006848717309396,-0.0751310486446144
ZHDVsoRh,-0.34096209471172934,-0.29247440690601334,-0.34455604457598454,-0.17454279358566538,-0.5002167638183508
ZSmfu2Fc,-0.5638445002873897,-0.29841377882546916,-0.2652961936635627,-0.2706129930632031,-0.2816921764254019
ZU8YXF3H,-0.454001463165044,-0.19557160909857307,-0.5808451069749943,-0.7417144782666938,1.626402780962728
ZXKaNy6Z,-0.4608949680199732,-0.2151615052354342,-1.3966380712097823,-0.46056688090053655,0.4525190516794666
ZbYLo0zK,-0.25201202494239006,-0.24449269194999934,-0.25311231768846554,-0.5449256774937865,0.1776778053479049
ZedN8Gcn,-0.38095824603343154,-0.28531895043166167,-0.1390321541546662,-0.5631695011606794,-0.31977595356762123
ZgD4Dau6,-0.07543545591525636,-0.33713122091276226,0.25572626390221487,-0.386740486730794,-0.7728486866656183
Zgzf79LA,-0.6452948929519113,-0.4164328669068342,-1.2756626294465612,-0.8797442327010216,0.29203540713228193
ZjqzxDOF,0.19732922057741398,0.32042181780946144,1.4157513349657158,-0.5820342829121685,0.23512156676610374
ZsZ5aDpq,0.1980767176255238,-0.2308313601752633,0.4276597696081801,1.0382468651691212,-1.0189466065505783
ZtyqE7If,-0.17721349131866937,-0.30810002983307705,0.15037448345919913,-0.22517260469738432,-1.2581036459885198
ZvUgz01f,-0.3135271874504344,-0.18389324475500413,0.5886982191588679,-0.7765868445121455,0.916368920441748
ZwrhgdQV,0.6953435972748974,-0.06708759001249665,1.7041988352068067,0.9159581831402974,-0.8776410980156086
a7bhJGBU,2.222840766521328,-0.38169111614592144,1.923990925501311,0.5772652313516389,-0.9977569426812423
aHpv6KzP,3.0033017284051464,-0.3000806650526383,1.9219859861024808,1.09374139570118,-1.1118965685984747
aINzEBVN,-0.49556195440189477,-0.426429477139045,-1.118073085810284,-0.5441996978060573,-0.9101000621519759
aP9EtTGF,2.4891554983980466,-0.3141412228613484,2.088216556114457,-0.6117471168923103,-0.6153757211752762
aV6EhtSL,-0.48836559208982244,-0.31980702889277435,-0.38084361296187197,-0.5180984641345034,-0.1616456445001475
aVZsXKoH,1.8001430748584806,-0.2105394967183064,2.0252925817860152,-0.634912651850108,-0.63764056122114
aYVnVJvc,-0.05394575623441433,0.010509244118762584,0.4767416847464112,0.9347196150313195,-1.208259184620836
abCzN1zx,-0.42744528760661815,-0.31044752343871285,-1.1945780385374754,0.3303120306522871,-0.8634554301868391
ae7sMiB4,-0.19438410653995852,-0.11884285562732633,-0.35318673989768357,-0.19412538016769787,-0.13400712266389547
afsVuCGV,-0.504559422252358,-0.19898471993118438,-0.6346752299194129,0.20832583691230155,-0.34535935883037183
aiwBQETI,-0.08052882824520857,-0.35535701140410586,0.3651795409952676,-0.010519166703410576,-1.0674394285840734
aiyli4EI,1.4495701071321871,0.5937670692702993,1.6347785046111305,1.3642017079861475,-0.23871466246169604
apJ7NmzD,1.8748098571967073,0.09189169068962666,2.119170972308165,-0.307304034167835,-0.48150950346803967
atVjNMtQ,-0.27509815885318467,-0.27411108818345176,-2.2418332085160735,2.159255705707288,-1.2832835809524639
b5GirVGV,-0.5305043886640153,-0.37660781739082716,-0.18271481714855398,-0.6936027664663769,0.5113141552330873
b9SpMjNB,-0.20484727420890358,0.15355734503431184,0.051107866113124345,-0.10232000554135112,0.8598419276338447
bAFs37yy,-0.35952406388506297,-0.2700271197549716,-0.17645262448768406,-0.6075187247830129,1.0152960779785118
bDia1hHV,-0.314141588413948,-0.2911671893275526,0.24500096653555303,0.012041735427878564,-0.9557498185456623
bFkv5Mtr,-0.3735670571055909,-0.061927721400411806,-0.7736270145594979,0.26561819412184917,-0.24954796857833372
bHe2IXgA,-0.300716933070051,-0.2203068573266448,-2.7328846323523983,2.480630572983408,-1.246264129396657
bWX3vUm5,-0.04657301493003452,-0.10685116784901341,0.42196676642033637,0.3312111379120992,-1.0861098048747024
bat8tcGs,-0.01604526194208411,-0.47503011403269346,0.0319828448265973,-0.041686544780993984,-1.5313550667717735
bfjej4wu,-0.6595176588671467,-0.21579470232602804,-1.4307129105452994,-0.11753269815107359,-1.269313240198933
bh04YDiP,-0.263541471956076,-0.34656538945494486,-0.03526371467869538,0.2556938521498964,-0.5819345996567407
c110Fdc8,-0.29103218631749606,-0.23032584319924665,0.14785329064234176,-0.29923261911356036,0.03730902386836732
c32GUzMa,-0.5273155740440831,0.2259258873672496,-1.8263208999431306,-0.07532157817448848,0.8228702019653085
cT6uU0B0,-0.520703965296919,-0.2625226787426441,-1.1315075157797772,-0.25550762973745833,1.0057853953437572
cWXCiFwh,-0.47585916203925827,-0.3899553815410004,-0.8258113145200703,-0.4143475540653938,-0.7442587708062618
ceNvS3yd,-0.4491828559248763,-0.2164398725714004,-0.8631879743041289,-0.14809611085809848,0.05034805164927292
cmwdt4Av,1.4118221523309256,-0.1912995555734086,1.7595661113266026,0.10479207546853075,-0.7096257533432961
cn4EHsup,-0.4719979501595919,-0.298421504924301,-1.3958953877807296,-0.3211464460517348,-0.09588981188358758
crVOGGTT,-0.41070683110425144,-0.4793086119959443,-0.20155246845733998,-0.7065747304559196,1.1180617020956944
csPEJ1E5,-0.47568261252055954,-0.3750616955429095,-0.30066026709555516,-0.6829271845962879,-0.15965288327675609
d0UrRtMk,-0.4944557038266755,-0.33604980211821034,-0.6645716529053978,-0.8047411701771878,1.6840053096022913
d6LU4G4I,-0.5075408073551859,-0.1492282654614509,-1.8256604047763183,0.3160059789989518,-0.025107894033915557
d74T1DVv,-0.3968985286558411,-0.28515717013138986,-1.1067161092449176,1.2593742830920789,-0.8947332423001697
dR6rM1tQ,0.06756828292563277,-0.5319424253978441,0.30945497703960356,0.09499342512878428,-1.2919669194127508
dUNxOoqg,-0.5934379949463011,-0.32707480734029104,-1.2734868616606043,-0.004390198584992788,-1.0799994219371527
dUnlyhj7,0.37264799106682567,-0.028254568584635043,1.0810269939704078,-0.5961329678220366,-0.12885628127856563
dVDlnZQ6,-0.3912229424399545,-0.4059668102549324,-1.3705023767013707,0.41358936223772247,-1.3372952977781623
dVT26GDu,-0.36950067084288385,-0.34576114071031505,-0.45216958322798817,-0.47983235039485095,0.5626000563436193
de43ycXY,-0.12456806626167527,0.2142835797861763,1.0677162035519352,-0.8382001565011947,0.29941905183272155
dfIn7m9z,-0.37589489054110636,-0.40166755003726184,-0.4844829401552495,-0.11917827731230801,-0.5568808220352892
dhmb9ZY9,3.5386780739930526,-0.2857653085690278,1.7882572749242165,0.8540193640732454,-1.1927056988904567
dn8kCuyf,-0.3849248355243464,-0.18392767936023813,-0.5499080641127883,-0.37415300934524254,0.5004270825058867
dpcquvWW,-0.42671662847740954,-0.34461032090368626,-0.31104715972269403,-0.31175988964904633,-0.043421219871341066
dqcbIMyr,-0.6265502550400885,-0.039406691535428084,-1.5446563944949965,-0.47361381897841426,0.04759120491120683
drWgsBf5,-0.3661728379932203,-0.21334928966890854,-0.4165282825995753,0.3271139099164415,-0.8041411129868337
dytx0HSe,-0.45210137665591965,-0.12812088741208588,-1.1556376275601004,-0.7712861043335764,1.4194266442225327
e4KkkIha,2.2641104382242627,0.32427641714507105,2.371067270620369,-0.5863500492347455,-0.5052809040532864
e9YorH4m,-0.42374388351064063,-0.04517830320433902,1.2638116343334325,-0.840725279171501,0.6692710219092461
eB9gVQ0R,-0.8001860616176675,-0.22991405884207794,0.5619158405390401,-1.251756695707293,1.3797105939895502
eMhLFqU6,-0.598984349918938,-0.052689877975716226,-1.7933705629146068,-0.26638820533901963,0.2195105674706994
eMllg1qm,0.6236538180006317,0.15769744027115784,1.0571039217886202,0.022302588452951966,-0.6464040896837631
eNPunZ9i,-0.6113387499696348,0.0689111095888556,-1.9835710044115338,0.16967125159882102,0.2967546478787355
eS5BSM4J,-0.43896824229560316,-0.28901314511323434,-0.13549251544809593,-0.6977210713037252,1.3609118248420984
eVGMFoOI,-0.5011413232767001,-0.1189087604900686,0.8439382857179218,-0.8012614902376711,0.6797539128249284
eaIwb3rG,-0.31326405732252915,0.37604841653979315,1.1346268603903802,-0.48212378237276,1.1212011925565477
eyzw8Vis,-0.46306098039454646,-0.061715747624335404,-0.4096315784388942,-0.609310065537052,1.3119707175667301
f04Ke2bN,-0.30259053454855867,-0.05728811973697223,-0.5336867095282294,0.08904800801672508,0.1140612075316696
f4GA0te1,-0.34887038024854355,-0.3705158826192553,-0.4812734793356874,-0.5052610325591687,-0.13688486426895707
f7bd91h5,-0.4097522954705557,-0.3045304893604074,0.22498743291562207,-0.696583269789322,1.1248228864503673
fB7z9ndr,-0.4265442418855816,-0.0844152804315641,0.06540925441749934,-0.5915022394150427,1.4389905076161469
fEe7AWFA,-0.0763996975573793,-0.3439376925333183,0.4363870224571649,-0.19708580798931763,-0.9602436039915645
fJJIbgY9,0.4448438614109289,0.3762205846394159,1.7098004346791633,-0.7314984854443836,-0.029952551272124595
fQBURMvg,-0.34104566518172597,-0.12009735794724435,0.23891956280585802,-0.310980841487698,1.0652215885686402
fS0HpOub,-0.37299214364955624,-0.22320140262494836,0.19577163839876377,-0.4587399202077975,0.560386378031346
fTDXauuk,0.2862403854274742,-0.11045513794824491,1.5606454679365918,-0.55705593550136,-0.4807604398295169
favPNA2N,-0.5474377161538388,0.21360091532725833,-1.5467782063622515,-0.015234876385086693,0.8700111034311178
g3Fv0U4k,-0.43885015405939676,-0.3245675835240286,-1.5800920111612875,0.351341781046834,-0.4840981850368351
g5PKo2E2,0.43718322826188505,-0.2240475730810747,1.0454741034156534,-0.028190841705374226,-0.7466262900204654
gbjnD5fe,-0.3734091701317386,-0.5829375486321712,-0.34234343288499147,-0.7594495927631968,0.4004275066224565
ge9zqXCv,-0.381103001925597,-0.2927821438166892,-0.21009083638618975,0.4983473842246653,-0.9779057574962806
geeqJpSE,-0.4429602996066553,-0.26932248444379037,-0.0486527660939835,-0.6422127516365848,0.84428269322256
gqy1J2RS,0.2821080061637229,-0.25401690200147475,0.5589298573560875,0.08563155673501655,-1.1016737412007913
grlUtS3H,-0.09497650784092748,-0.2570044159622561,0.09261940993219397,0.8090683731739929,-0.7288529172008182
gx965KYj,-0.11254339777352307,-0.2438493727716794,-0.16872351352667536,0.14179891934033861,-0.6586606887938231
h3F08Vjm,-0.45558550689011845,-0.23054510041141382,-0.11781325459724101,-0.5424611873410541,1.054475480139665
h6FQG8Iy,-0.22567086172526452,0.07884931772368187,1.2385232326525504,-0.6475853004489309,1.2892860904728352
h7ftM8b3,2.0048647098745658,-0.003928715474484368,2.1678286347434543,-0.41429823280001443,-0.7102460524276992
hLrCHXZv,0.0024598374274926726,-0.3374036299628347,0.6231208255796439,0.17418451310364702,-1.0150747024324644
hQ6VBuFx,-0.6748366030646213,-0.15777157117604024,0.4243390445901234,-0.9539895314446554,1.3859218382469791
hYoR2y7w,-0.4822257809680952,-0.2518603545635171,-0.6165426284676876,0.05967629099605887,-1.2316353551957562
hf65yZkM,0.3773509540087314,-0.25386703024931034,0.3890463159788844,1.4240140523261786,-0.7588768745492942
hjuwe1x4,-0.282062677945051,-0.26135321352358865,-0.04869672035401962,-0.4161656994133196,0.20508570686228467
hyINlsFR,-0.7918748721810136,0.4432750941438143,-0.5989069621044116,-0.19434993200921014,0.9846342405432935
i0Qlm9Bv,-0.2263243370851189,-0.10872507857441438,0.6606059739353434,-0.638236982745731,0.8300305059385593
i1VxfxMb,-0.34156633289924976,-0.12468358235553556,0.43984077930890564,-0.7045593595426354,1.078742683476996
i2l6jXNP,-0.49663032506785676,-0.260696431203996,-0.8716475730578175,-0.3502134341888805,0.11259386570895202
i4FgPZv7,-0.3561789493624321,-0.1979072586606968,-0.03938526186702873,-0.6525425948279704,1.4928241224463292
i7XtIkSi,-0.2921263580909983,-0.2168284776644277,-0.5157490905055973,-0.21758486579452807,-0.20900637975388037
i9z346Ut,-0.23949834682392357,-0.014741044152066896,-0.25290630269028114,0.8888085327188762,0.14195648302915487
iDOat4cZ,2.136286922853712,0.3111638826042221,2.33520922441512,-0.49087360087148824,-0.5371242553758364
iNv6RoSO,-0.14836626575126566,-0.02612808615679707,0.7767961597675814,0.00536840662567073,0.059434081849524034
iSL9NYzy,2.6395427299204055,-0.4792913253057237,1.8180109932784028,1.5424899398702436,-0.8570935664390689
iSqVc1r8,-0.1729094317563824,0.34102059169398735,0.7980804550063105,-0.6876011191479918,0.35275853509778443
iYZMftt6,-0.4002481204383077,-0.3260504986651541,0.07828718703258275,-0.554342840809916,-0.9780787350989684
ieTPaa3c,-0.4058849853251747,-0.29464624313521093,-0.8063251049750768,-0.04690345079857394,-0.23690479404263698
if7BmzU0,-0.44717175878523285,-0.24801946382312245,-0.13539920932253224,-0.608253300014475,1.0186691924047793
ihNz5bmx,-0.3854520694904142,-0.31539892124354163,-0.39077181792145055,0.06977122552486748,-0.6348921989395038
ikJXKdIN,-0.531370911093207,-0.39210980059386363,-1.109367869712333,-0.9351386121960203,0.7788128932918355
iq2kxikN,-0.13155934090528554,-0.28177845155152215,0.06417365161560085,-0.006863328189773199,-1.2371857049549888
iuZEDJK7,-0.4244715692508141,-0.2700445002417099,-0.3098032225823779,-0.557636426956897,0.6231702226730178
iyF8gVT7,-0.5050501074570395,-0.0023868650727890683,-0.004920662200493808,-0.7396595894528062,1.5138485045183572
j06qdQ0V,-0.41554861178363645,-0.2927741179599651,-0.16718442777146336,-0.20130400674592153,0.07994646966039198
j7hl8svO,-0.46871227583372566,-0.3317399778447304,-0.08731940762281809,-0.6196248731519134,-1.0977166420477786
j8hMoJUN,-0.4889628153739256,-0.39289697844100774,-1.345108216797417,-0.6939648560650724,-0.10533740670394565
jNaFasbV,-0.49478424830252443,-0.38467964334508464,-1.173369023550368,0.14535090317360044,-0.91944118203606
jVVHeYHT,-0.5260424135808837,-0.04905669583623207,0.2748467340117706,-0.4957594180488698,0.7458091205373805
jXm4ySvK,-0.3557902686487484,-0.1498541556037264,-0.1657252901530235,-0.31302273793497903,0.5926304604497474
juO5ii5l,-0.39733811301326405,0.13569526046066727,0.3730380882936508,-0.6143821965524765,0.5664536639212585
k2hdEBsU,-0.4720886829797184,-0.3352034576654332,-0.5945176166604149,-0.7499115972197714,1.3738353041205684
k3ynMfhN,0.3118699291763658,0.2084609016905351,1.3445121597780592,-0.43227599657897287,0.21753427933276015
k9C9yBtr,0.05656215821286814,-0.20509789457926178,0.5763142032503303,0.45623468707237436,-1.0141223486382458
kAKRvcRo,-0.41188443170685396,-0.43435472239896644,-1.162638571076787,0.26809249826509784,-1.3664080962523784
kBi3R2oC,-0.15934607471220552,-0.33350164702705787,-0.3029409636672433,-0.24889130848601582,-0.4266864283179146
kDWmnsXe,-0.010722287279891773,-0.19399389741726134,1.1131716766196398,-0.6032067621052946,0.15441545656744182
kSGBd2Vh,-0.36801377230065846,-0.21462844766072775,-0.05055867847822881,-0.5768594234790569,0.7898382615032844
kT0miHPT,-0.44802426301092346,-0.3906337505459633,-0.3481457936775776,-0.3668218428126764,-0.015058622372414732
kaW0TfRn,-0.3819539821828659,-0.5724176773543582,-0.33290419702807483,-0.5665613099189457,0.07099008970384801
kmg3SowO,-0.402949025736719,-0.16210061630328465,-1.1718738697216402,0.48406290583226763,-0.20727601083468272
kpxKSlnF,1.3397396049600427,-0.1056609292549614,1.9503484985818424,0.1287429053613991,-0.32123999820783666
ku2cn1MV,0.35909972649502997,0.061790196998322666,1.6907266436885031,-0.43603730032712207,0.1738198024183859
l1su5HU9,-0.4305800179704722,-0.1997435392433441,-0.5201142992480534,-0.4062299151311848,0.4018831682990296
l8Tg2RvD,-0.39271996148946364,0.0017653778736080872,0.6582552448346171,-0.5322898576905644,0.9247842250099367
lB6NsVOc,-0.3782242099058255,-0.3125480840627056,-0.3780347739282668,-0.8188019675308666,1.1200251264060554
lEcdVyKk,-0.42136020373087213,-0.17683898928049557,-0.608942556342118,-0.45476692011228437,0.9675460082951233
lH4TasGl,-0.06758943056050448,-0.07397067899673815,1.2185997236212636,-0.6587768911088077,-0.2740884169572908
lO9aggHW,-0.20345769908144185,0.04784552437127265,-0.29194089576940385,0.3116596193825032,-0.144705585474874
lW3m9Vzu,-0.418370473699186,-0.29943740450987033,-0.38667864169456223,-0.033523844065349806,-0.23963764980886282
lYLseGDP,-0.062823155642862,-0.27044247460614923,0.9209467822785875,-0.5396512296285394,0.2326270067758216
lcOnCdZi,-0.17640321032595985,0.056042105259245356,0.8937986367893238,-0.7535872308147944,-0.15009592473030153
le9YGwON,-0.14492889540693632,-0.2186172115651034,0.36859699750875663,-0.3326451954793086,-0.0865659405178647
llMvu3TX,1.9241197545439643,0.15184590100312156,1.9612731982835605,-1.083714030684554,-0.1478577708624087
lnHh2jFO,-0.2270370528864607,0.23133027343975499,1.337622749979527,-0.7662688936256998,0.4793421904603221
m07CVXd4,-0.42271434635662963,-0.3041318173793396,0.5138679371468236,-0.6777961500234042,1.739838975743389
m1lPk91z,-0.23422622452128117,-0.28384175861776767,0.712962122697899,-0.6517194480541022,1.162229350757336
m9IQdmwa,-0.4854660616428834,-0.26320618197163925,-0.1191807097346107,-0.6314949803019161,0.6772993891829557
mG9BRy5x,-0.5000336761966384,-0.08112189472465826,-1.0592345156526797,-0.2358432768806651,0.36358568553554704
mVHXnama,-0.5191328838599549,-0.37252198175809514,-0.9938562885507061,-0.5939891866166462,-0.788468745920234
mXyrR6nU,-0.44529079224301604,-0.24984540022296076,-1.075135438419057,-0.4936312619179617,0.8044278194308774
mbzNdxNc,-0.28533899880145164,-0.23979555706098765,-0.14099182916998032,0.20904204487805345,-0.5832190959643029
mntH7g3L,-0.2870139726567533,0.30352242578487043,0.7683108310777236,-0.7812677910481014,0.5976885477759808
msRTXP3H,-0.2520819763028914,-0.169363473250706,0.16129101869428197,-0.17044628116156701,0.2714652919837519
mxBjvIPR,-0.5190162782743375,-0.3255819459132746,-0.38022873043137295,-0.49235117249634897,0.31135037646003383
n8Opmfbz,1.5794326498577487,0.4434955932447372,2.5773791396570225,-0.2787770197443038,-0.17760549774380507
nOkgU29Q,-0.573096900568574,-0.25833917403836837,-1.733688746627923,-0.05406954620233506,-1.282329955393159
nhttf7VM,-0.06412620984682071,0.18251413290393514,0.8729891807599408,-0.008453354803954483,0.21406495982613905
njLbXYa3,-0.4130634014036634,-0.4206974051386393,-0.1834479999050025,-0.5228822336645536,-0.5412834135825122
nwkIpzmh,0.476030096666447,0.1127635865106783,1.438070152724503,-0.14295170203985919,-0.003138131784687914
nzB1R9Zg,-0.25177060331012235,-0.068470253244585,1.2056222754383263,-0.741809308961372,0.2874396476693093
o1rZRI84,-0.3135764642226224,-0.19786700896770804,-0.662032709802407,-0.21459321685987476,-0.33484896168943834
o7q5Mbty,-0.08959618128418079,-0.2807324414378326,0.38111793647858505,-0.15656125182116654,-1.16211067659993
oCBvysqB,-0.5271855727088184,-0.4038300295740258,-0.5702561228497878,-0.5205684037039688,-0.6381620249469577
oDmycTPH,-0.4754820666806001,-0.3910967431788956,-0.6533764098583568,-0.8564852502290066,1.2680589947474274
oFAXZvQv,-0.48255767571621,-0.26911694856241186,-0.15558936415782298,-0.28266126445630135,-0.5068632787340519
oHE3M1zX,-0.2568979151903097,-0.05113401466616907,-0.24590115684968694,0.8300012568405393,-0.21911769981193885
oMhVmSpV,-0.5832667053275902,-0.2614663558782203,-0.5916963122597743,-0.4194008585093556,-0.9752584898308285
oNsDqVbi,0.09807660148552877,0.4061403295072309,1.5451397717644788,-0.6744784614334449,0.25358303564257056
oYAJqQk8,-0.497026237205235,-0.5216598853700274,-0.6194524657365044,-0.8964196022913384,0.5172106259817539
ob5Kb6dW,-0.42535664974704623,-0.1568137234914796,-0.7024458664234778,-0.5471317659020727,1.1824029073138647
obnzqs79,-0.5853272998761856,-0.32385705228206785,-1.02118089983178,-0.758442956237424,-0.028617607626763686
oncLcgRP,-0.3672284369255596,-0.31622833943896433,-0.35559577316762514,-0.04262969463074029,-0.42464138995251943
ooWVYaAe,-0.3834235762577425,-0.33018305931524894,-1.8215829154285537,1.1279548627943754,-1.3751408241430525
osdyOUnV,-0.5740373918735333,0.053970474332549534,-1.7644672781496418,0.13314540044934375,0.12740920422697144
p7H9CzCv,-0.5787146441798843,-0.48621816090316783,-2.1625259461468893,-0.01787652368592063,-0.7575859428795937
p7U9hVhY,-0.43580429552170763,-0.1452564679748773,-0.5189555130489687,-0.3907248290104448,0.4559326576888836
pE6Cf1RV,-0.35305639693339863,0.04929942842311685,0.29265652131125464,-0.599008006693289,0.8299168614660104
pI7qzotI,-0.33795136339344545,-0.013663680234412556,-0.48079064633911983,0.2307448916975332,-0.5651111045688211
pJrIA4sk,-0.43520248863572597,-0.5005927609056983,-0.38569651947527817,-0.5755051796285002,-0.1084961194872065
pXne2CLZ,-0.39069530811733166,-0.3686062383664873,-1.6751326486662954,1.1302796042778525,-1.0125616816560594
pZMcDIOS,-0.4817184360112794,-0.30452295139272934,-0.4217497371008001,-0.6862370870353303,0.7517578822300877
pavfp3cc,0.24351856739107625,-0.45163497732479096,0.35530617700369405,0.06245875708011539,-0.7416265421932238
pbQdC5L3,-0.5727080099040638,-0.4695593952911309,-0.5842112004591407,-0.8754757566093545,0.733862375743449
pgj7aAFP,-0.3411091081200386,-0.4989649543266338,8.556843222251587e-05,-0.14142451772497822,0.13337873879503803
pxg8G3ed,-0.8306023341138218,0.42293337823235955,-0.4015238994741601,-0.8123255842029735,1.1029778239205754
q36Npk6l,-0.5460007055425837,-0.3127852223463121,-1.0336604151360014,-0.8527696679164976,1.09895266513535
q4aDOVvq,0.45558223983343105,-0.07760858541921378,0.6085520610215092,0.5074951989260441,-1.0707455483432184
qGmfR9CN,-0.49027886154513745,-0.17748954303145859,-0.896189972588946,0.380540956896958,-0.9418381024463613
qJ51ODpA,-0.4099270321858359,-0.1503614179481968,-1.078679022941106,0.4621565314195877,-0.09648487116351845
qQX3cs3I,-0.5098292224534209,0.1195456557086455,0.4260425265167207,-0.7309626885210108,0.4142645087151706
qXeIxPb8,-0.4389292025267384,-0.14468378741343024,-0.26704162290097955,-0.35336034879853884,0.8207598057990637
qYQ4MShM,0.04859044737051299,-0.2866160813689206,-0.0010165726906059547,0.3978493713765303,-1.2537045544725132
qa0etnhK,-0.13851779546067355,-0.3909085811157277,0.21580779081905277,-0.12551945264599595,-0.8916577548286639
qbL4sboq,-0.7365205916014776,-0.19314717234614076,-0.7425772361073548,-0.6065677628431061,0.7698854907332517
qbYrsWHq,0.5354485788900245,0.2948585106051861,2.040980355066676,-0.05295019119723321,-0.0507050957478512
r1zmcUqQ,0.3456242135701739,0.005495461709520977,1.0180227748171085,-0.5070630431634768,-0.8475561152361095
r54iHeQC,-0.3924794990261109,-0.15949107239463034,-0.031809426758446335,-0.5333393984463228,0.7539682609060421
r6xrAnQV,2.9155743800554017,0.30400729103248014,1.913157683757344,-0.7114096056527686,0.1863372942591397
r9HxnQDg,-0.13225783254878998,-0.030718005230799705,0.9867355146945549,-0.1993657465476204,0.7622682310977709
rG8Puuf9,0.758908498188104,-0.13354207723530476,1.3001023183825957,0.2106246503900806,-0.7855022779392655
rGuiefuR,-0.35719843038535437,-0.4705308262542439,-0.671777535251568,-0.0431478610295315,-1.166450905571999
rJ19OhGP,-0.42195672433561704,-0.05814730621402575,-0.48715593225988485,-0.5060775574743914,1.4753637299193016
rOCYepHd,-0.05036527604161911,-0.05247750716268318,0.8327083521455272,-0.66278144530677,0.011945013469123467
rQJaOPFI,0.28050048487753365,-0.06065893023329079,1.5976983827224096,-0.4609323152860654,0.22960357565420253
rQhZtZeh,-0.24403381148423087,0.04288543981496529,0.5790143572941808,-0.6171700630659487,1.1274629305923938
rapmok0w,-0.40083053896964493,-0.10863841743143976,-1.4895885318490407,0.18735376172397622,0.18007065613914364
rgzfnPVu,-0.4451228780512526,-0.1102749960561572,0.6153249471573865,-0.6886043578869376,0.4835991161582953
ri4qhb1S,-0.4095218245703638,-0.3417764368660071,-0.9810091597608341,-0.5101474936787795,0.25522848815284505
rqpFYzff,-0.5602530776090777,-0.3506011025383853,-0.8278505190681251,-0.8231085366185269,0.4264832347041576
rrs22coX,-0.43769994705545123,-0.06519426993501204,-0.08717962464452356,-0.4009864668576668,1.167277830361165
sEeUCQLc,-0.4406149172346847,-0.1991070415296391,-0.9896663546804128,-0.28126399452347783,0.6603924486869275
sHScwqQl,-0.4233133533766438,-0.24183328620984368,0.14925823990251885,-0.7597254460877778,1.8457105576146589
sNC7DiAt,-0.6031736416040889,-0.3040258006401682,-0.5022253034801913,-0.9445542549603019,1.514815679581936
sNK2TSs3,-0.3942496299583542,-0.08120575907040195,0.020073992138531338,-0.44627782026015694,1.281264673058324
sO7Su6uw,-0.5217495957441276,-0.2062468615643036,-2.1802549158217523,-0.4086648309966918,0.06624358954581311
sOWZx89o,-0.5697802201247288,-0.35840463992087657,-1.2258527002430135,-0.6672071870740481,0.687431321116712
sPbRcPjC,0.045937862126349316,-0.16930673222710635,0.43568633425838854,0.219524229465911,-1.195514493464323
scVUfTKI,0.010087940239683846,0.08151831435400464,0.5330484626994796,1.9778326884597064,-1.2697016301160673
seRaGeVv,-0.43541963654789306,-0.1141591873195208,-0.16756035241796852,-0.31585208322642444,0.6622636034169247
sgtwiYWi,-0.3620443270249627,-0.30256154486703324,-0.9274264788198714,-0.2354693090654294,-0.5165155659249265
sjmLHcT6,-0.5337545007461717,-0.3819410065254263,-0.5581514744424574,-0.7738273343071214,0.2880594174378004
skZUZZGS,-0.5275293877265614,-0.24753935700287094,-0.1988577977534085,-0.6182679169927141,0.7425012999294651
suAmzADX,-0.9482567261015067,-0.36306577126638484,-1.556050902145035,1.1692073364497375,-0.9851736276748468
t4GWLqlO,0.43047995473270184,-0.1860010471182677,0.9259261010503899,-0.3281377160668697,-0.28175252501956294
t7gy6Jyy,0.26527916831358134,-0.2934209985281774,1.083921504469071,-0.6756830516418475,0.4192413731363942
tBadzH60,2.0123830072504614,0.15015168807847334,2.1356510708867056,-0.476494109700333,-0.28943655927856327
tXUWm0hp,-0.14283003178664622,-0.2578776833561315,-0.08307440929984367,0.7859354317041536,-0.6877633077567751
te6UPPxf,-0.635150463495707,-0.32194759724606176,-0.690223154848173,-0.4104817944225587,-1.0937258249161985
ti2lamkL,-0.013968462374267077,-0.0843906131723805,0.7378910996505503,-0.38551414450871135,-0.04825620763427452
tr0lpwuU,-0.3009840579456142,-0.41973072835390923,-1.8803936804795747,2.3004651441788653,-1.1300192783712717
ttdB5C73,-0.3972869544425368,-0.11577926485684487,-0.0991731986285238,-0.1628673266220133,0.4862355045490787
twS8YZu9,-0.39586218021818986,-0.219006327572569,-0.7110125900469946,-0.5748706802691075,0.25117721875880505
tx68W34H,-0.480109711230428,-0.3070659021172172,-1.3382421562908355,0.71025833593648,-0.7314144951681172
tyQSX4mY,-0.50518588882281,-0.0735846452726362,0.2227830638659718,-0.7471794016410698,0.44922035957210227
tylKCRc0,-0.41959587225963624,-0.24833404654122948,0.06465012225471511,-0.31072101058183677,0.42172934931044637
u1544WUo,-0.5005433762136438,-0.21706628145721318,-1.2771952078235707,-0.5001995846733749,0.4616099262436748
uAw9an0d,0.07254615528276354,-0.20748580164810726,0.41506215513272693,-0.31641173761500596,-0.26296614921808015
uLZAEXMG,2.2239587738305016,-0.1676243147960027,2.1131898047098723,-0.24977971193690252,-0.5916538769795423
uMwe1s7I,-0.42219858998422133,-0.35795645929956044,-1.2082715961258153,0.6351050271325605,-0.9131721228775476
ufhGeV3q,-0.5680899181376464,-0.2976550075166634,-0.24903842587973557,-0.7668449306589267,0.5854847227517368
uhAeGBHo,-0.6054047904584952,-0.5266839311260062,-2.366972421257561,-0.1698516868255311,-0.9019583646775189
ujHNlqpw,1.2741530700382935,0.2768882575865693,1.6549432937556041,-0.13808530257797003,-0.3880970904485892
ulV6kuhB,-0.29284311921682793,-0.05765643343432114,0.3139640240753572,-0.4396289777532516,0.6720118470468535
uohEnNEK,-0.43194824002475407,-0.2965224383822852,-1.4656334988647366,0.7262376919102493,-1.1674943408550078
v1lhA8I4,-0.43526148762347994,-0.23124191015004414,0.8798652536044749,-0.7831637285142179,1.7521964393733853
v3JzigLI,-0.6319429582880236,-0.4777671253661688,-0.752222507371517,-0.9416224720993469,0.7766954995797661
v5IwjyIg,-0.43276107106342643,-0.3082601755360158,-0.6132593122745682,-0.46877991643450656,-0.9082596125565559
v6lp5TK1,-0.2929718777698742,-0.24739870399478836,0.6189105228915643,-0.7442900194323627,1.2029651538857635
v8vOaaWq,-0.4056675545946593,-0.14766227808325694,-0.9228949243368341,0.2861365781623917,0.15194466003753604
vAYKtoil,-0.5676690361804351,-0.21346335505593406,-0.4184647967120334,-0.5910946494342753,-0.8980904690486184
vGTNQa6G,1.6194543353635407,-0.08866542496243046,1.829141448450354,0.4864943539239377,-0.4266217997012589
vQzNxHoL,-0.5733418801050636,-0.3547176648918548,-0.9602123990442131,-0.6319381612514192,-1.072259673358765
vfZGBUJm,-0.2808403485871356,-0.3548618805218863,-0.113096804861744,-0.0734312974215996,-0.49827632498386976
vlooVUoT,-0.5211261577775606,-0.03447768583610189,-1.9054624627495294,0.4778322212152304,-1.0691774418435287
vrACvd4O,-0.33824499932430463,-0.3687384980263403,0.29871354634287783,-0.4210580198490632,-0.641680017682809
w8hdjLwb,-0.36046096306464115,-0.10759688248936794,0.11559837298973363,-0.43267953284195215,0.6651404328902046
wAntv4gH,-0.024453289350988783,0.30292038911920816,1.7138746244474525,-0.564242867512867,0.4275926351185646
wIUL09q0,-0.6083799257521338,-0.3273218714580226,-1.3355177529881992,-0.8626271599726678,0.29306012353094246
wOzx7Fgz,-0.4274066936093579,-0.4406033078585462,0.3062993231253124,-0.553782778788964,-0.06891617936913264
wPhjhCJQ,-0.4186969965452665,-0.09518157188887472,-0.27810261007634907,-0.5355805506961033,1.3876572169272023
wQSWWmYB,-0.4448950015346629,-0.24552553016022005,-0.739205698840852,-0.37767830629466204,0.5002726077739155
wdIMrXwy,1.7401179046300665,0.2596059151095583,2.105503935217893,-0.883370205772998,-0.09587209858842272
wiL9npQc,-0.5280193658728951,-0.3563553707354191,-1.031334278786563,-0.6870624414405668,0.6754423359077393
wnU95Cxn,2.553988730791927,0.24029596563188338,2.8543683717200103,-0.6089881282436593,-0.450380123405246
wpJbbjJs,-0.031233238322927903,0.16964599295781635,0.8349896779438488,-0.09827369159896904,0.1018523436698544
wsOWTAbI,1.028381375011092,-0.10829493847034766,1.866921162182006,1.1420902759125156,-1.0170375915956882
wtdBcU3U,-0.4667115401730104,-0.3750031792460831,-0.20750590448169604,-0.8249662136057552,0.21497597650544975
wuKXVxOc,-0.5264845106880518,-0.1790269266934149,-1.6457089857902254,-0.5951836201675249,0.8239758613128672
wyzadAt8,-0.4496615390785639,-0.3516859996095484,-0.8277800847952683,-0.7880107726129566,1.2534151288393716
wzaKzYwi,0.042359302432627643,-0.32285205503278347,1.0420454766119285,-0.8024770288570622,0.637461030588149
x6GCk4EV,-0.3217415839286293,-0.12876616260507945,-0.029788975656448002,-0.3945926756980853,0.448804919065644
x6lUi3vf,0.13718335222639944,-0.3755787374521403,0.2749287672997518,0.5680225221331838,-1.264662467464639
x8mwDHv9,-0.34639593780966216,-0.2619551394733918,0.14365654636112524,-0.2473197821896136,-0.053240592165145983
xIYm6puH,0.4959075698933173,0.07297461634453473,-0.45509596538049735,0.8855328878621478,-1.0720333825995638
xO6UdpsK,0.4305276162270655,0.05164422410489056,-0.10295837839821687,-0.04789602019287287,-1.2236184080391084
xQ2bkOvj,-0.4585286729833644,-0.4366189878315351,-1.422064462871095,0.22563204307510176,-1.104863045098007
xeXyDCEQ,2.8999125149562968,-0.3868724226064054,1.9574819587416634,0.9351501015794028,-1.270002278747377
xrggHziO,-0.2893613539056634,-0.2143115757843833,0.047773048436464904,-0.4013535006779776,0.0674594107597315
y1WMCmqQ,-0.4013789155987144,-0.302910334133479,-0.4749531433770251,-0.5061157773653306,0.09850754842431542
yDngezhM,-0.500147519479329,-0.36241060050260665,-0.8825156731798423,-0.7721246866769533,-0.3060216674655365
yLiFjMD0,-0.38040310386728216,-0.49904796501723914,-0.18182444523317898,-0.7143362220775273,1.1076668431671735
ySwEBO7w,-0.5273206999542897,-0.19071496878270966,-0.5329510068329917,-0.04795791621803147,-1.0328131402427587
ydC9UsSm,-0.46823840955815577,-0.11180761378798476,-1.7592706042503785,0.7497925537236299,0.20657047492635883
ydEG4VBd,-0.4603901977896232,-0.19481023835194666,-1.1403887944359674,-0.24182627959155667,0.39161812000133267
yf76yWXc,-0.2585994129727016,0.34210883251724933,0.8116211658927561,-0.6926826193009461,0.20947069586849665
yg70e63n,-0.3632659830929317,-0.29675585486193967,-0.7622890102336903,-0.23536682082357885,-0.20078793818107243
ywxtlSKv,-0.46761834430575,-0.3051765056599224,-0.891971924844075,-0.10158331968518297,-0.22940570586911946
yzKPQPOR,-0.3740592913650591,-0.381061711409001,-1.0032435923692908,-0.11343853849093222,-0.978233995024091
z5cnOnZ1,-0.44600080090290994,-0.40814269565872563,-0.17869615875115485,-0.5197574341773432,-0.7249484000046849
zFLkOE0e,0.19941049155633372,-0.19760150987932262,0.5754859618320545,0.686569005308634,-1.2040536759379918
zGi72mxL,-0.45655544852948715,-0.23659280367590096,0.012231425456956657,-0.26513606798463485,-1.1715214976186488
zN925UV3,-0.6189607214327868,-0.13705407083466348,-1.3247558638775452,0.2566109308273141,-0.9883894666475115
zTy2ih7e,-0.49732707924127517,-0.0809134959689547,-1.546869960373261,-0.5645985719463553,0.8353328540849745
zVFzAutw,-0.3914699616667878,-0.4334763837237602,-0.5369799608759429,-0.5928455066633163,0.6201308066126714
zYxNAkht,-0.5790349886693509,-0.3510669678561526,-0.7575364383117638,-0.8196022867714916,0.6253098601666736
zaWDBai3,-0.5886897116934353,0.35605226286373426,-0.302938341273876,-0.3632452315399135,1.286552292310482
zg3u0Zsx,-0.22819391618785012,-0.08907151371089583,-0.23299154674514355,-0.05149555692148766,-0.042677196494658176
zlwLfdsS,-0.34949667129629525,-0.42491922448009245,-1.1419374327850171,1.2084778799745308,-1.0651632580827552
zmbKzVfl,-0.5274820837859426,-0.2135199136973912,-1.9234295419353664,-0.2782369050304183,0.15323141214434344